#include <stdint.h>
#include "gfx.h"

static const uint8_t gfx_font_dep_31x48_data[18240] = {
    0x00, 0x00, 0x00, 0x00, 0x00, 0x00, 0x00, 0x00, 0x00, 0x00, 0x00, 0x00,
    0x00, 0x00, 0x00, 0x00, 0x00, 0x00, 0x00, 0x00, 0x00, 0x00, 0x00, 0x00,
    0x00, 0x00, 0x00, 0x00, 0x00, 0x00, 0x00, 0x00, 0x00, 0x00, 0x00, 0x00,
    0x00, 0x00, 0x00, 0x00, 0x00, 0x00, 0x00, 0x00, 0x00, 0x00, 0x00, 0x00,
    0x00, 0x00, 0x00, 0x00, 0x00, 0x00, 0x00, 0x00, 0x00, 0x00, 0x00, 0x00,
    0x00, 0x00, 0x00, 0x00, 0x00, 0x00, 0x00, 0x00, 0x00, 0x00, 0x00, 0x00,
    0x00, 0x00, 0x00, 0x00, 0x00, 0x00, 0x00, 0x00, 0x00, 0x00, 0x00, 0x00,
    0x00, 0x00, 0x00, 0x00, 0x00, 0x00, 0x00, 0x00, 0x00, 0x00, 0x00, 0x00,
    0x00, 0x00, 0x00, 0x00, 0x00, 0x00, 0x00, 0x00, 0x00, 0x00, 0x00, 0x00,
    0x00, 0x00, 0x00, 0x00, 0x00, 0x00, 0x00, 0x00, 0x00, 0x00, 0x00, 0x00,
    0x00, 0x00, 0x00, 0x00, 0x00, 0x00, 0x00, 0x00, 0x00, 0x00, 0x00, 0x00,
    0x00, 0x00, 0x00, 0x00, 0x00, 0x00, 0x00, 0x00, 0x00, 0x00, 0x00, 0x00,
    0x00, 0x00, 0x00, 0x00, 0x00, 0x00, 0x00, 0x00, 0x00, 0x00, 0x00, 0x00,
    0x00, 0x00, 0x00, 0x00, 0x00, 0x00, 0x00, 0x00, 0x00, 0x00, 0x00, 0x00,
    0x00, 0x00, 0x00, 0x00, 0x00, 0x00, 0x00, 0x00, 0x00, 0x00, 0x00, 0x00,
    0x00, 0x00, 0x00, 0x00, 0x00, 0x00, 0x00, 0x00, 0x00, 0x00, 0x00, 0x00,
    0x00, 0x00, 0x00, 0x00, 0x00, 0x00, 0x00, 0x00, 0x00, 0x00, 0x00, 0x00,
    0x00, 0x00, 0x00, 0x00, 0x00, 0x07, 0x80, 0x00, 0x00, 0x07, 0x80, 0x00,
    0x00, 0x07, 0x80, 0x00, 0x00, 0x07, 0x80, 0x00, 0x00, 0x07, 0x80, 0x00,
    0x00, 0x07, 0x80, 0x00, 0x00, 0x07, 0x80, 0x00, 0x00, 0x07, 0x80, 0x00,
    0x00, 0x07, 0x80, 0x00, 0x00, 0x07, 0x80, 0x00, 0x00, 0x07, 0x80, 0x00,
    0x00, 0x07, 0x80, 0x00, 0x00, 0x07, 0x80, 0x00, 0x00, 0x07, 0x80, 0x00,
    0x00, 0x07, 0x80, 0x00, 0x00, 0x07, 0x80, 0x00, 0x00, 0x07, 0x80, 0x00,
    0x00, 0x07, 0x80, 0x00, 0x00, 0x07, 0x80, 0x00, 0x00, 0x07, 0x80, 0x00,
    0x00, 0x07, 0x80, 0x00, 0x00, 0x07, 0x80, 0x00, 0x00, 0x07, 0x80, 0x00,
    0x00, 0x07, 0x80, 0x00, 0x00, 0x07, 0x80, 0x00, 0x00, 0x07, 0x80, 0x00,
    0x00, 0x00, 0x00, 0x00, 0x00, 0x00, 0x00, 0x00, 0x00, 0x00, 0x00, 0x00,
    0x00, 0x00, 0x00, 0x00, 0x00, 0x00, 0x00, 0x00, 0x00, 0x07, 0x80, 0x00,
    0x00, 0x07, 0x80, 0x00, 0x00, 0x07, 0x80, 0x00, 0x00, 0x07, 0x80, 0x00,
    0x00, 0x00, 0x00, 0x00, 0x00, 0x00, 0x00, 0x00, 0x00, 0x00, 0x00, 0x00,
    0x00, 0x00, 0x00, 0x00, 0x00, 0x00, 0x00, 0x00, 0x00, 0x00, 0x00, 0x00,
    0x00, 0x00, 0x00, 0x00, 0x00, 0x00, 0x00, 0x00, 0x00, 0x00, 0x00, 0x00,
    0x00, 0x00, 0x00, 0x00, 0x00, 0x00, 0x00, 0x00, 0x00, 0x00, 0x00, 0x00,
    0x00, 0x00, 0x00, 0x00, 0x00, 0x78, 0x3C, 0x00, 0x00, 0x78, 0x7C, 0x00,
    0x00, 0x78, 0x7C, 0x00, 0x00, 0x78, 0x7C, 0x00, 0x00, 0x78, 0x7C, 0x00,
    0x00, 0x78, 0x7C, 0x00, 0x00, 0x78, 0x7C, 0x00, 0x00, 0x78, 0x7C, 0x00,
    0x00, 0x78, 0x7C, 0x00, 0x00, 0x78, 0x7C, 0x00, 0x00, 0x78, 0x7C, 0x00,
    0x00, 0x78, 0x7C, 0x00, 0x00, 0x78, 0x7C, 0x00, 0x00, 0x00, 0x00, 0x00,
    0x00, 0x00, 0x00, 0x00, 0x00, 0x00, 0x00, 0x00, 0x00, 0x00, 0x00, 0x00,
    0x00, 0x00, 0x00, 0x00, 0x00, 0x00, 0x00, 0x00, 0x00, 0x00, 0x00, 0x00,
    0x00, 0x00, 0x00, 0x00, 0x00, 0x00, 0x00, 0x00, 0x00, 0x00, 0x00, 0x00,
    0x00, 0x00, 0x00, 0x00, 0x00, 0x00, 0x00, 0x00, 0x00, 0x00, 0x00, 0x00,
    0x00, 0x00, 0x00, 0x00, 0x00, 0x00, 0x00, 0x00, 0x00, 0x00, 0x00, 0x00,
    0x00, 0x00, 0x00, 0x00, 0x00, 0x00, 0x00, 0x00, 0x00, 0x00, 0x00, 0x00,
    0x00, 0x00, 0x00, 0x00, 0x00, 0x00, 0x00, 0x00, 0x00, 0x00, 0x00, 0x00,
    0x00, 0x00, 0x00, 0x00, 0x00, 0x00, 0x00, 0x00, 0x00, 0x00, 0x00, 0x00,
    0x00, 0x00, 0x00, 0x00, 0x00, 0x00, 0x00, 0x00, 0x00, 0x00, 0x00, 0x00,
    0x00, 0x00, 0x00, 0x00, 0x00, 0x00, 0x00, 0x00, 0x00, 0x00, 0x00, 0x00,
    0x00, 0x00, 0x00, 0x00, 0x00, 0x00, 0x00, 0x00, 0x00, 0x00, 0x00, 0x00,
    0x00, 0x00, 0x00, 0x00, 0x00, 0x07, 0x83, 0xC0, 0x00, 0x07, 0x83, 0xC0,
    0x00, 0x07, 0x83, 0xC0, 0x00, 0x07, 0x83, 0xC0, 0x00, 0x07, 0x83, 0xC0,
    0x00, 0x07, 0x83, 0xC0, 0x00, 0x07, 0x83, 0xC0, 0x00, 0x07, 0x83, 0xC0,
    0x00, 0x07, 0xC3, 0xC0, 0x0F, 0xFF, 0xFF, 0xFE, 0x0F, 0xFF, 0xFF, 0xFE,
    0x0F, 0xFF, 0xFF, 0xFE, 0x0F, 0xFF, 0xFF, 0xFE, 0x00, 0x78, 0x7C, 0x00,
    0x00, 0x78, 0x7C, 0x00, 0x00, 0x78, 0x7C, 0x00, 0x00, 0x78, 0x7C, 0x00,
    0x00, 0x78, 0x7C, 0x00, 0x00, 0x78, 0x7C, 0x00, 0x00, 0x78, 0x7C, 0x00,
    0x00, 0x78, 0x7C, 0x00, 0x00, 0x78, 0x7C, 0x00, 0xFF, 0xFF, 0xFF, 0xC0,
    0xFF, 0xFF, 0xFF, 0xC0, 0xFF, 0xFF, 0xFF, 0xC0, 0xFF, 0xFF, 0xFF, 0xC0,
    0x0F, 0x87, 0xC0, 0x00, 0x0F, 0x87, 0x80, 0x00, 0x0F, 0x87, 0x80, 0x00,
    0x0F, 0x87, 0x80, 0x00, 0x0F, 0x87, 0x80, 0x00, 0x0F, 0x87, 0x80, 0x00,
    0x0F, 0x87, 0x80, 0x00, 0x0F, 0x87, 0x80, 0x00, 0x0F, 0x87, 0x80, 0x00,
    0x00, 0x00, 0x00, 0x00, 0x00, 0x00, 0x00, 0x00, 0x00, 0x00, 0x00, 0x00,
    0x00, 0x00, 0x00, 0x00, 0x00, 0x00, 0x00, 0x00, 0x00, 0x00, 0x00, 0x00,
    0x00, 0x00, 0x00, 0x00, 0x00, 0x00, 0x00, 0x00, 0x00, 0x00, 0x00, 0x00,
    0x00, 0x07, 0x80, 0x00, 0x00, 0x07, 0x80, 0x00, 0x00, 0x07, 0x80, 0x00,
    0x00, 0x07, 0x80, 0x00, 0x00, 0x7F, 0xFC, 0x00, 0x00, 0x7F, 0xFC, 0x00,
    0x00, 0x7F, 0xFC, 0x00, 0x00, 0x7F, 0xFC, 0x00, 0x07, 0x87, 0xC3, 0xC0,
    0x0F, 0x87, 0x83, 0xC0, 0x0F, 0x87, 0x83, 0xC0, 0x0F, 0x87, 0x83, 0xC0,
    0x0F, 0x87, 0x83, 0xC0, 0x0F, 0x87, 0x80, 0x00, 0x0F, 0x87, 0x80, 0x00,
    0x0F, 0x87, 0x80, 0x00, 0x0F, 0x87, 0x80, 0x00, 0x00, 0x7F, 0xFC, 0x00,
    0x00, 0x7F, 0xFC, 0x00, 0x00, 0x7F, 0xFC, 0x00, 0x00, 0x7F, 0xFC, 0x00,
    0x00, 0x7F, 0xFC, 0x00, 0x00, 0x07, 0x83, 0xC0, 0x00, 0x07, 0x83, 0xC0,
    0x00, 0x07, 0x83, 0xC0, 0x00, 0x07, 0x83, 0xC0, 0x00, 0x07, 0x83, 0xC0,
    0x00, 0x07, 0x83, 0xC0, 0x00, 0x07, 0x83, 0xC0, 0x00, 0x07, 0x83, 0xC0,
    0x07, 0x87, 0x83, 0xC0, 0x0F, 0x87, 0x83, 0xC0, 0x0F, 0x87, 0x83, 0xC0,
    0x0F, 0x87, 0x83, 0xC0, 0x07, 0x87, 0xC3, 0xC0, 0x00, 0x7F, 0xFC, 0x00,
    0x00, 0x7F, 0xFC, 0x00, 0x00, 0x7F, 0xFC, 0x00, 0x00, 0x7F, 0xFC, 0x00,
    0x00, 0x07, 0x80, 0x00, 0x00, 0x07, 0x80, 0x00, 0x00, 0x07, 0x80, 0x00,
    0x00, 0x07, 0x80, 0x00, 0x00, 0x00, 0x00, 0x00, 0x00, 0x00, 0x00, 0x00,
    0x00, 0x00, 0x00, 0x00, 0x00, 0x00, 0x00, 0x00, 0x00, 0x00, 0x00, 0x00,
    0x00, 0x00, 0x00, 0x00, 0x00, 0x00, 0x00, 0x00, 0x00, 0x00, 0x00, 0x00,
    0x00, 0x00, 0x00, 0x00, 0x00, 0x78, 0x00, 0x3C, 0x00, 0x78, 0x00, 0x3E,
    0x00, 0x78, 0x00, 0x3E, 0x00, 0x78, 0x00, 0x3E, 0x07, 0x87, 0x80, 0x3E,
    0x0F, 0x87, 0x80, 0x3E, 0x0F, 0x87, 0x80, 0x3E, 0x0F, 0x87, 0x80, 0x3E,
    0x0F, 0x87, 0x80, 0x3C, 0x00, 0x78, 0x03, 0xC0, 0x00, 0x78, 0x03, 0xC0,
    0x00, 0x78, 0x03, 0xC0, 0x00, 0x78, 0x03, 0xC0, 0x00, 0x00, 0x3C, 0x00,
    0x00, 0x00, 0x7C, 0x00, 0x00, 0x00, 0x7C, 0x00, 0x00, 0x00, 0x7C, 0x00,
    0x00, 0x00, 0x78, 0x00, 0x00, 0x07, 0x80, 0x00, 0x00, 0x07, 0x80, 0x00,
    0x00, 0x07, 0x80, 0x00, 0x00, 0x07, 0x80, 0x00, 0x00, 0x78, 0x03, 0xC0,
    0x00, 0x78, 0x03, 0xC0, 0x00, 0x78, 0x03, 0xC0, 0x00, 0x78, 0x03, 0xC0,
    0x07, 0x80, 0x3C, 0x3C, 0x0F, 0x80, 0x7C, 0x3E, 0x0F, 0x80, 0x7C, 0x3E,
    0x0F, 0x80, 0x7C, 0x3E, 0x0F, 0x80, 0x3C, 0x3C, 0x0F, 0x80, 0x03, 0xC0,
    0x0F, 0x80, 0x03, 0xC0, 0x0F, 0x80, 0x03, 0xC0, 0x0F, 0x80, 0x03, 0xC0,
    0x00, 0x00, 0x00, 0x00, 0x00, 0x00, 0x00, 0x00, 0x00, 0x00, 0x00, 0x00,
    0x00, 0x00, 0x00, 0x00, 0x00, 0x00, 0x00, 0x00, 0x00, 0x00, 0x00, 0x00,
    0x00, 0x00, 0x00, 0x00, 0x00, 0x00, 0x00, 0x00, 0x00, 0x00, 0x00, 0x00,
    0x00, 0x00, 0x00, 0x00, 0x00, 0x00, 0x00, 0x00, 0x00, 0x00, 0x00, 0x00,
    0x00, 0x00, 0x00, 0x00, 0x00, 0x7F, 0x80, 0x00, 0x00, 0x7F, 0x80, 0x00,
    0x00, 0x7F, 0x80, 0x00, 0x00, 0x7F, 0x80, 0x00, 0x07, 0x80, 0x78, 0x00,
    0x0F, 0x80, 0x7C, 0x00, 0x0F, 0x80, 0x7C, 0x00, 0x0F, 0x80, 0x7C, 0x00,
    0x0F, 0x80, 0x3C, 0x00, 0x0F, 0x80, 0x00, 0x00, 0x0F, 0x80, 0x00, 0x00,
    0x0F, 0x80, 0x00, 0x00, 0x0F, 0x80, 0x00, 0x00, 0x00, 0x78, 0x00, 0x3C,
    0x00, 0x78, 0x00, 0x3E, 0x00, 0x78, 0x00, 0x3E, 0x00, 0x78, 0x00, 0x3E,
    0x00, 0x78, 0x00, 0x3C, 0x0F, 0x80, 0x7F, 0xC0, 0x0F, 0x80, 0x7F, 0xC0,
    0x0F, 0x80, 0x7F, 0xC0, 0x0F, 0x80, 0x7F, 0xC0, 0x0F, 0x80, 0x7C, 0x00,
    0x0F, 0x80, 0x7C, 0x00, 0x0F, 0x80, 0x7C, 0x00, 0x0F, 0x80, 0x7C, 0x00,
    0x0F, 0x80, 0x7C, 0x00, 0x0F, 0x80, 0x7C, 0x00, 0x0F, 0x80, 0x7C, 0x00,
    0x0F, 0x80, 0x7C, 0x00, 0x07, 0x80, 0x7C, 0x00, 0x00, 0x7F, 0x80, 0x00,
    0x00, 0x7F, 0x80, 0x00, 0x00, 0x7F, 0x80, 0x00, 0x00, 0x7F, 0x80, 0x00,
    0x00, 0x00, 0x00, 0x00, 0x00, 0x00, 0x00, 0x00, 0x00, 0x00, 0x00, 0x00,
    0x00, 0x00, 0x00, 0x00, 0x00, 0x00, 0x00, 0x00, 0x00, 0x00, 0x00, 0x00,
    0x00, 0x00, 0x00, 0x00, 0x00, 0x00, 0x00, 0x00, 0x00, 0x00, 0x00, 0x00,
    0x00, 0x00, 0x00, 0x00, 0x00, 0x00, 0x00, 0x00, 0x00, 0x00, 0x00, 0x00,
    0x00, 0x00, 0x00, 0x00, 0x00, 0x07, 0x80, 0x00, 0x00, 0x07, 0x80, 0x00,
    0x00, 0x07, 0x80, 0x00, 0x00, 0x07, 0x80, 0x00, 0x00, 0x07, 0x80, 0x00,
    0x00, 0x07, 0x80, 0x00, 0x00, 0x07, 0x80, 0x00, 0x00, 0x07, 0x80, 0x00,
    0x00, 0x07, 0x80, 0x00, 0x00, 0x07, 0x80, 0x00, 0x00, 0x07, 0x80, 0x00,
    0x00, 0x07, 0x80, 0x00, 0x00, 0x07, 0x80, 0x00, 0x00, 0x00, 0x00, 0x00,
    0x00, 0x00, 0x00, 0x00, 0x00, 0x00, 0x00, 0x00, 0x00, 0x00, 0x00, 0x00,
    0x00, 0x00, 0x00, 0x00, 0x00, 0x00, 0x00, 0x00, 0x00, 0x00, 0x00, 0x00,
    0x00, 0x00, 0x00, 0x00, 0x00, 0x00, 0x00, 0x00, 0x00, 0x00, 0x00, 0x00,
    0x00, 0x00, 0x00, 0x00, 0x00, 0x00, 0x00, 0x00, 0x00, 0x00, 0x00, 0x00,
    0x00, 0x00, 0x00, 0x00, 0x00, 0x00, 0x00, 0x00, 0x00, 0x00, 0x00, 0x00,
    0x00, 0x00, 0x00, 0x00, 0x00, 0x00, 0x00, 0x00, 0x00, 0x00, 0x00, 0x00,
    0x00, 0x00, 0x00, 0x00, 0x00, 0x00, 0x00, 0x00, 0x00, 0x00, 0x00, 0x00,
    0x00, 0x00, 0x00, 0x00, 0x00, 0x00, 0x00, 0x00, 0x00, 0x00, 0x00, 0x00,
    0x00, 0x00, 0x00, 0x00, 0x00, 0x00, 0x00, 0x00, 0x00, 0x00, 0x00, 0x00,
    0x00, 0x00, 0x00, 0x00, 0x00, 0x00, 0x00, 0x00, 0x00, 0x00, 0x00, 0x00,
    0x00, 0x00, 0x7C, 0x00, 0x00, 0x00, 0x7C, 0x00, 0x00, 0x00, 0x7C, 0x00,
    0x00, 0x00, 0x7C, 0x00, 0x00, 0x07, 0x80, 0x00, 0x00, 0x07, 0x80, 0x00,
    0x00, 0x07, 0x80, 0x00, 0x00, 0x07, 0x80, 0x00, 0x00, 0x78, 0x00, 0x00,
    0x00, 0x78, 0x00, 0x00, 0x00, 0x78, 0x00, 0x00, 0x00, 0x78, 0x00, 0x00,
    0x00, 0x78, 0x00, 0x00, 0x00, 0x78, 0x00, 0x00, 0x00, 0x78, 0x00, 0x00,
    0x00, 0x78, 0x00, 0x00, 0x00, 0x78, 0x00, 0x00, 0x00, 0x78, 0x00, 0x00,
    0x00, 0x78, 0x00, 0x00, 0x00, 0x78, 0x00, 0x00, 0x00, 0x78, 0x00, 0x00,
    0x00, 0x78, 0x00, 0x00, 0x00, 0x78, 0x00, 0x00, 0x00, 0x78, 0x00, 0x00,
    0x00, 0x78, 0x00, 0x00, 0x00, 0x78, 0x00, 0x00, 0x00, 0x78, 0x00, 0x00,
    0x00, 0x78, 0x00, 0x00, 0x00, 0x78, 0x00, 0x00, 0x00, 0x78, 0x00, 0x00,
    0x00, 0x78, 0x00, 0x00, 0x00, 0x78, 0x00, 0x00, 0x00, 0x78, 0x00, 0x00,
    0x00, 0x78, 0x00, 0x00, 0x00, 0x78, 0x00, 0x00, 0x00, 0x07, 0x80, 0x00,
    0x00, 0x07, 0x80, 0x00, 0x00, 0x07, 0x80, 0x00, 0x00, 0x07, 0x80, 0x00,
    0x00, 0x00, 0x7C, 0x00, 0x00, 0x00, 0x7C, 0x00, 0x00, 0x00, 0x7C, 0x00,
    0x00, 0x00, 0x7C, 0x00, 0x00, 0x00, 0x00, 0x00, 0x00, 0x00, 0x00, 0x00,
    0x00, 0x00, 0x00, 0x00, 0x00, 0x00, 0x00, 0x00, 0x00, 0x00, 0x00, 0x00,
    0x00, 0x78, 0x00, 0x00, 0x00, 0x78, 0x00, 0x00, 0x00, 0x78, 0x00, 0x00,
    0x00, 0x78, 0x00, 0x00, 0x00, 0x07, 0x80, 0x00, 0x00, 0x07, 0x80, 0x00,
    0x00, 0x07, 0x80, 0x00, 0x00, 0x07, 0x80, 0x00, 0x00, 0x00, 0x78, 0x00,
    0x00, 0x00, 0x7C, 0x00, 0x00, 0x00, 0x7C, 0x00, 0x00, 0x00, 0x7C, 0x00,
    0x00, 0x00, 0x7C, 0x00, 0x00, 0x00, 0x7C, 0x00, 0x00, 0x00, 0x7C, 0x00,
    0x00, 0x00, 0x7C, 0x00, 0x00, 0x00, 0x7C, 0x00, 0x00, 0x00, 0x7C, 0x00,
    0x00, 0x00, 0x7C, 0x00, 0x00, 0x00, 0x7C, 0x00, 0x00, 0x00, 0x7C, 0x00,
    0x00, 0x00, 0x7C, 0x00, 0x00, 0x00, 0x7C, 0x00, 0x00, 0x00, 0x7C, 0x00,
    0x00, 0x00, 0x7C, 0x00, 0x00, 0x00, 0x7C, 0x00, 0x00, 0x00, 0x7C, 0x00,
    0x00, 0x00, 0x7C, 0x00, 0x00, 0x00, 0x7C, 0x00, 0x00, 0x00, 0x7C, 0x00,
    0x00, 0x00, 0x7C, 0x00, 0x00, 0x00, 0x7C, 0x00, 0x00, 0x00, 0x7C, 0x00,
    0x00, 0x00, 0x7C, 0x00, 0x00, 0x00, 0x7C, 0x00, 0x00, 0x07, 0x80, 0x00,
    0x00, 0x07, 0x80, 0x00, 0x00, 0x07, 0x80, 0x00, 0x00, 0x07, 0x80, 0x00,
    0x00, 0x78, 0x00, 0x00, 0x00, 0x78, 0x00, 0x00, 0x00, 0x78, 0x00, 0x00,
    0x00, 0x78, 0x00, 0x00, 0x00, 0x00, 0x00, 0x00, 0x00, 0x00, 0x00, 0x00,
    0x00, 0x00, 0x00, 0x00, 0x00, 0x00, 0x00, 0x00, 0x00, 0x00, 0x00, 0x00,
    0x00, 0x00, 0x00, 0x00, 0x00, 0x00, 0x00, 0x00, 0x00, 0x00, 0x00, 0x00,
    0x00, 0x00, 0x00, 0x00, 0x00, 0x07, 0x80, 0x00, 0x00, 0x07, 0x80, 0x00,
    0x00, 0x07, 0x80, 0x00, 0x00, 0x07, 0x80, 0x00, 0x07, 0x07, 0x83, 0xC0,
    0x0F, 0x87, 0x83, 0xC0, 0x0F, 0x87, 0x83, 0xC0, 0x0F, 0x87, 0x83, 0xC0,
    0x0F, 0x87, 0xC3, 0xC0, 0x00, 0x7F, 0xFC, 0x00, 0x00, 0x7F, 0xFC, 0x00,
    0x00, 0x7F, 0xFC, 0x00, 0x00, 0x7F, 0xFC, 0x00, 0x0F, 0x87, 0xC3, 0xC0,
    0x0F, 0x87, 0x83, 0xC0, 0x0F, 0x87, 0x83, 0xC0, 0x0F, 0x87, 0x83, 0xC0,
    0x07, 0x07, 0x83, 0xC0, 0x00, 0x07, 0x80, 0x00, 0x00, 0x07, 0x80, 0x00,
    0x00, 0x07, 0x80, 0x00, 0x00, 0x07, 0x80, 0x00, 0x00, 0x00, 0x00, 0x00,
    0x00, 0x00, 0x00, 0x00, 0x00, 0x00, 0x00, 0x00, 0x00, 0x00, 0x00, 0x00,
    0x00, 0x00, 0x00, 0x00, 0x00, 0x00, 0x00, 0x00, 0x00, 0x00, 0x00, 0x00,
    0x00, 0x00, 0x00, 0x00, 0x00, 0x00, 0x00, 0x00, 0x00, 0x00, 0x00, 0x00,
    0x00, 0x00, 0x00, 0x00, 0x00, 0x00, 0x00, 0x00, 0x00, 0x00, 0x00, 0x00,
    0x00, 0x00, 0x00, 0x00, 0x00, 0x00, 0x00, 0x00, 0x00, 0x00, 0x00, 0x00,
    0x00, 0x00, 0x00, 0x00, 0x00, 0x00, 0x00, 0x00, 0x00, 0x00, 0x00, 0x00,
    0x00, 0x00, 0x00, 0x00, 0x00, 0x00, 0x00, 0x00, 0x00, 0x00, 0x00, 0x00,
    0x00, 0x00, 0x00, 0x00, 0x00, 0x00, 0x00, 0x00, 0x00, 0x00, 0x00, 0x00,
    0x00, 0x00, 0x00, 0x00, 0x00, 0x00, 0x00, 0x00, 0x00, 0x00, 0x00, 0x00,
    0x00, 0x00, 0x00, 0x00, 0x00, 0x00, 0x00, 0x00, 0x00, 0x00, 0x00, 0x00,
    0x00, 0x00, 0x00, 0x00, 0x00, 0x00, 0x00, 0x00, 0x00, 0x00, 0x00, 0x00,
    0x00, 0x00, 0x00, 0x00, 0x00, 0x07, 0x80, 0x00, 0x00, 0x07, 0x80, 0x00,
    0x00, 0x07, 0x80, 0x00, 0x00, 0x07, 0x80, 0x00, 0x00, 0x07, 0x80, 0x00,
    0x00, 0x07, 0x80, 0x00, 0x00, 0x07, 0x80, 0x00, 0x00, 0x07, 0x80, 0x00,
    0x00, 0x07, 0xC0, 0x00, 0x0F, 0xFF, 0xFF, 0xC0, 0x0F, 0xFF, 0xFF, 0xC0,
    0x0F, 0xFF, 0xFF, 0xC0, 0x0F, 0xFF, 0xFF, 0xC0, 0x00, 0x07, 0x80, 0x00,
    0x00, 0x07, 0x80, 0x00, 0x00, 0x07, 0x80, 0x00, 0x00, 0x07, 0x80, 0x00,
    0x00, 0x07, 0x80, 0x00, 0x00, 0x07, 0x80, 0x00, 0x00, 0x07, 0x80, 0x00,
    0x00, 0x07, 0x80, 0x00, 0x00, 0x07, 0x80, 0x00, 0x00, 0x00, 0x00, 0x00,
    0x00, 0x00, 0x00, 0x00, 0x00, 0x00, 0x00, 0x00, 0x00, 0x00, 0x00, 0x00,
    0x00, 0x00, 0x00, 0x00, 0x00, 0x00, 0x00, 0x00, 0x00, 0x00, 0x00, 0x00,
    0x00, 0x00, 0x00, 0x00, 0x00, 0x00, 0x00, 0x00, 0x00, 0x00, 0x00, 0x00,
    0x00, 0x00, 0x00, 0x00, 0x00, 0x00, 0x00, 0x00, 0x00, 0x00, 0x00, 0x00,
    0x00, 0x00, 0x00, 0x00, 0x00, 0x00, 0x00, 0x00, 0x00, 0x00, 0x00, 0x00,
    0x00, 0x00, 0x00, 0x00, 0x00, 0x00, 0x00, 0x00, 0x00, 0x00, 0x00, 0x00,
    0x00, 0x00, 0x00, 0x00, 0x00, 0x00, 0x00, 0x00, 0x00, 0x00, 0x00, 0x00,
    0x00, 0x00, 0x00, 0x00, 0x00, 0x00, 0x00, 0x00, 0x00, 0x00, 0x00, 0x00,
    0x00, 0x00, 0x00, 0x00, 0x00, 0x00, 0x00, 0x00, 0x00, 0x00, 0x00, 0x00,
    0x00, 0x00, 0x00, 0x00, 0x00, 0x00, 0x00, 0x00, 0x00, 0x00, 0x00, 0x00,
    0x00, 0x00, 0x00, 0x00, 0x00, 0x00, 0x00, 0x00, 0x00, 0x00, 0x00, 0x00,
    0x00, 0x00, 0x00, 0x00, 0x00, 0x00, 0x00, 0x00, 0x00, 0x00, 0x00, 0x00,
    0x00, 0x00, 0x00, 0x00, 0x00, 0x00, 0x00, 0x00, 0x00, 0x00, 0x00, 0x00,
    0x00, 0x00, 0x00, 0x00, 0x00, 0x00, 0x00, 0x00, 0x00, 0x00, 0x00, 0x00,
    0x00, 0x07, 0x80, 0x00, 0x00, 0x07, 0x80, 0x00, 0x00, 0x07, 0x80, 0x00,
    0x00, 0x07, 0x80, 0x00, 0x00, 0x07, 0x80, 0x00, 0x00, 0x07, 0x80, 0x00,
    0x00, 0x07, 0x80, 0x00, 0x00, 0x07, 0x80, 0x00, 0x00, 0x07, 0x80, 0x00,
    0x00, 0x78, 0x00, 0x00, 0x00, 0x78, 0x00, 0x00, 0x00, 0x78, 0x00, 0x00,
    0x00, 0x78, 0x00, 0x00, 0x00, 0x00, 0x00, 0x00, 0x00, 0x00, 0x00, 0x00,
    0x00, 0x00, 0x00, 0x00, 0x00, 0x00, 0x00, 0x00, 0x00, 0x00, 0x00, 0x00,
    0x00, 0x00, 0x00, 0x00, 0x00, 0x00, 0x00, 0x00, 0x00, 0x00, 0x00, 0x00,
    0x00, 0x00, 0x00, 0x00, 0x00, 0x00, 0x00, 0x00, 0x00, 0x00, 0x00, 0x00,
    0x00, 0x00, 0x00, 0x00, 0x00, 0x00, 0x00, 0x00, 0x00, 0x00, 0x00, 0x00,
    0x00, 0x00, 0x00, 0x00, 0x00, 0x00, 0x00, 0x00, 0x00, 0x00, 0x00, 0x00,
    0x00, 0x00, 0x00, 0x00, 0x00, 0x00, 0x00, 0x00, 0x00, 0x00, 0x00, 0x00,
    0x00, 0x00, 0x00, 0x00, 0x00, 0x00, 0x00, 0x00, 0x00, 0x00, 0x00, 0x00,
    0x00, 0x00, 0x00, 0x00, 0x00, 0x00, 0x00, 0x00, 0x00, 0x00, 0x00, 0x00,
    0x00, 0x00, 0x00, 0x00, 0x00, 0x7F, 0xFC, 0x00, 0x00, 0x7F, 0xFC, 0x00,
    0x00, 0x7F, 0xFC, 0x00, 0x00, 0x7F, 0xFC, 0x00, 0x00, 0x00, 0x00, 0x00,
    0x00, 0x00, 0x00, 0x00, 0x00, 0x00, 0x00, 0x00, 0x00, 0x00, 0x00, 0x00,
    0x00, 0x00, 0x00, 0x00, 0x00, 0x00, 0x00, 0x00, 0x00, 0x00, 0x00, 0x00,
    0x00, 0x00, 0x00, 0x00, 0x00, 0x00, 0x00, 0x00, 0x00, 0x00, 0x00, 0x00,
    0x00, 0x00, 0x00, 0x00, 0x00, 0x00, 0x00, 0x00, 0x00, 0x00, 0x00, 0x00,
    0x00, 0x00, 0x00, 0x00, 0x00, 0x00, 0x00, 0x00, 0x00, 0x00, 0x00, 0x00,
    0x00, 0x00, 0x00, 0x00, 0x00, 0x00, 0x00, 0x00, 0x00, 0x00, 0x00, 0x00,
    0x00, 0x00, 0x00, 0x00, 0x00, 0x00, 0x00, 0x00, 0x00, 0x00, 0x00, 0x00,
    0x00, 0x00, 0x00, 0x00, 0x00, 0x00, 0x00, 0x00, 0x00, 0x00, 0x00, 0x00,
    0x00, 0x00, 0x00, 0x00, 0x00, 0x00, 0x00, 0x00, 0x00, 0x00, 0x00, 0x00,
    0x00, 0x00, 0x00, 0x00, 0x00, 0x00, 0x00, 0x00, 0x00, 0x00, 0x00, 0x00,
    0x00, 0x00, 0x00, 0x00, 0x00, 0x00, 0x00, 0x00, 0x00, 0x00, 0x00, 0x00,
    0x00, 0x00, 0x00, 0x00, 0x00, 0x00, 0x00, 0x00, 0x00, 0x00, 0x00, 0x00,
    0x00, 0x00, 0x00, 0x00, 0x00, 0x00, 0x00, 0x00, 0x00, 0x00, 0x00, 0x00,
    0x00, 0x00, 0x00, 0x00, 0x00, 0x00, 0x00, 0x00, 0x00, 0x00, 0x00, 0x00,
    0x00, 0x00, 0x00, 0x00, 0x00, 0x00, 0x00, 0x00, 0x00, 0x00, 0x00, 0x00,
    0x00, 0x00, 0x00, 0x00, 0x00, 0x00, 0x00, 0x00, 0x00, 0x00, 0x00, 0x00,
    0x00, 0x00, 0x00, 0x00, 0x00, 0x00, 0x00, 0x00, 0x00, 0x00, 0x00, 0x00,
    0x00, 0x07, 0x80, 0x00, 0x00, 0x07, 0x80, 0x00, 0x00, 0x07, 0x80, 0x00,
    0x00, 0x07, 0x80, 0x00, 0x00, 0x07, 0x80, 0x00, 0x00, 0x07, 0x80, 0x00,
    0x00, 0x07, 0x80, 0x00, 0x00, 0x07, 0x80, 0x00, 0x00, 0x07, 0x80, 0x00,
    0x00, 0x00, 0x00, 0x00, 0x00, 0x00, 0x00, 0x00, 0x00, 0x00, 0x00, 0x00,
    0x00, 0x00, 0x00, 0x00, 0x00, 0x00, 0x00, 0x00, 0x00, 0x00, 0x00, 0x00,
    0x00, 0x00, 0x00, 0x00, 0x00, 0x00, 0x00, 0x00, 0x00, 0x00, 0x00, 0x00,
    0x00, 0x00, 0x03, 0xC0, 0x00, 0x00, 0x03, 0xC0, 0x00, 0x00, 0x03, 0xC0,
    0x00, 0x00, 0x03, 0xC0, 0x00, 0x00, 0x03, 0xC0, 0x00, 0x00, 0x03, 0xC0,
    0x00, 0x00, 0x03, 0xC0, 0x00, 0x00, 0x03, 0xC0, 0x00, 0x00, 0x3C, 0x00,
    0x00, 0x00, 0x7C, 0x00, 0x00, 0x00, 0x7C, 0x00, 0x00, 0x00, 0x7C, 0x00,
    0x00, 0x00, 0x7C, 0x00, 0x00, 0x00, 0x7C, 0x00, 0x00, 0x00, 0x7C, 0x00,
    0x00, 0x00, 0x7C, 0x00, 0x00, 0x00, 0x7C, 0x00, 0x00, 0x07, 0x80, 0x00,
    0x00, 0x07, 0x80, 0x00, 0x00, 0x07, 0x80, 0x00, 0x00, 0x07, 0x80, 0x00,
    0x00, 0x07, 0x80, 0x00, 0x00, 0x07, 0x80, 0x00, 0x00, 0x07, 0x80, 0x00,
    0x00, 0x07, 0x80, 0x00, 0x00, 0x07, 0x80, 0x00, 0x00, 0x78, 0x00, 0x00,
    0x00, 0x78, 0x00, 0x00, 0x00, 0x78, 0x00, 0x00, 0x00, 0x78, 0x00, 0x00,
    0x00, 0x78, 0x00, 0x00, 0x00, 0x78, 0x00, 0x00, 0x00, 0x78, 0x00, 0x00,
    0x00, 0x78, 0x00, 0x00, 0x00, 0x78, 0x00, 0x00, 0x0F, 0x80, 0x00, 0x00,
    0x0F, 0x80, 0x00, 0x00, 0x0F, 0x80, 0x00, 0x00, 0x0F, 0x80, 0x00, 0x00,
    0x0F, 0x80, 0x00, 0x00, 0x0F, 0x80, 0x00, 0x00, 0x0F, 0x80, 0x00, 0x00,
    0x0F, 0x80, 0x00, 0x00, 0x00, 0x00, 0x00, 0x00, 0x00, 0x00, 0x00, 0x00,
    0x00, 0x00, 0x00, 0x00, 0x00, 0x00, 0x00, 0x00, 0x00, 0x00, 0x00, 0x00,
    0x00, 0x00, 0x00, 0x00, 0x00, 0x00, 0x00, 0x00, 0x00, 0x00, 0x00, 0x00,
    0x00, 0x00, 0x00, 0x00, 0x00, 0x7F, 0xFC, 0x00, 0x00, 0x7F, 0xFC, 0x00,
    0x00, 0x7F, 0xFC, 0x00, 0x00, 0x7F, 0xFC, 0x00, 0x07, 0x80, 0x03, 0xC0,
    0x0F, 0x80, 0x03, 0xC0, 0x0F, 0x80, 0x03, 0xC0, 0x0F, 0x80, 0x03, 0xC0,
    0x0F, 0x80, 0x03, 0xC0, 0x0F, 0x80, 0x7F, 0xC0, 0x0F, 0x80, 0x7F, 0xC0,
    0x0F, 0x80, 0x7F, 0xC0, 0x0F, 0x80, 0x7F, 0xC0, 0x0F, 0x87, 0x83, 0xC0,
    0x0F, 0x87, 0x83, 0xC0, 0x0F, 0x87, 0x83, 0xC0, 0x0F, 0x87, 0x83, 0xC0,
    0x0F, 0x87, 0x83, 0xC0, 0x0F, 0xF8, 0x03, 0xC0, 0x0F, 0xF8, 0x03, 0xC0,
    0x0F, 0xF8, 0x03, 0xC0, 0x0F, 0xF8, 0x03, 0xC0, 0x0F, 0x80, 0x03, 0xC0,
    0x0F, 0x80, 0x03, 0xC0, 0x0F, 0x80, 0x03, 0xC0, 0x0F, 0x80, 0x03, 0xC0,
    0x0F, 0x80, 0x03, 0xC0, 0x0F, 0x80, 0x03, 0xC0, 0x0F, 0x80, 0x03, 0xC0,
    0x0F, 0x80, 0x03, 0xC0, 0x07, 0x80, 0x03, 0xC0, 0x00, 0x7F, 0xFC, 0x00,
    0x00, 0x7F, 0xFC, 0x00, 0x00, 0x7F, 0xFC, 0x00, 0x00, 0x7F, 0xFC, 0x00,
    0x00, 0x00, 0x00, 0x00, 0x00, 0x00, 0x00, 0x00, 0x00, 0x00, 0x00, 0x00,
    0x00, 0x00, 0x00, 0x00, 0x00, 0x00, 0x00, 0x00, 0x00, 0x00, 0x00, 0x00,
    0x00, 0x00, 0x00, 0x00, 0x00, 0x00, 0x00, 0x00, 0x00, 0x00, 0x00, 0x00,
    0x00, 0x00, 0x00, 0x00, 0x00, 0x00, 0x00, 0x00, 0x00, 0x00, 0x00, 0x00,
    0x00, 0x00, 0x00, 0x00, 0x00, 0x07, 0x80, 0x00, 0x00, 0x07, 0x80, 0x00,
    0x00, 0x07, 0x80, 0x00, 0x00, 0x07, 0x80, 0x00, 0x07, 0xFF, 0x80, 0x00,
    0x0F, 0xFF, 0x80, 0x00, 0x0F, 0xFF, 0x80, 0x00, 0x0F, 0xFF, 0x80, 0x00,
    0x0F, 0xFF, 0x80, 0x00, 0x00, 0x07, 0x80, 0x00, 0x00, 0x07, 0x80, 0x00,
    0x00, 0x07, 0x80, 0x00, 0x00, 0x07, 0x80, 0x00, 0x00, 0x07, 0x80, 0x00,
    0x00, 0x07, 0x80, 0x00, 0x00, 0x07, 0x80, 0x00, 0x00, 0x07, 0x80, 0x00,
    0x00, 0x07, 0x80, 0x00, 0x00, 0x07, 0x80, 0x00, 0x00, 0x07, 0x80, 0x00,
    0x00, 0x07, 0x80, 0x00, 0x00, 0x07, 0x80, 0x00, 0x00, 0x07, 0x80, 0x00,
    0x00, 0x07, 0x80, 0x00, 0x00, 0x07, 0x80, 0x00, 0x00, 0x07, 0x80, 0x00,
    0x00, 0x07, 0x80, 0x00, 0x00, 0x07, 0x80, 0x00, 0x00, 0x07, 0x80, 0x00,
    0x00, 0x07, 0x80, 0x00, 0x00, 0x07, 0xC0, 0x00, 0x0F, 0xFF, 0xFF, 0xC0,
    0x0F, 0xFF, 0xFF, 0xC0, 0x0F, 0xFF, 0xFF, 0xC0, 0x0F, 0xFF, 0xFF, 0xC0,
    0x00, 0x00, 0x00, 0x00, 0x00, 0x00, 0x00, 0x00, 0x00, 0x00, 0x00, 0x00,
    0x00, 0x00, 0x00, 0x00, 0x00, 0x00, 0x00, 0x00, 0x00, 0x00, 0x00, 0x00,
    0x00, 0x00, 0x00, 0x00, 0x00, 0x00, 0x00, 0x00, 0x00, 0x00, 0x00, 0x00,
    0x00, 0x00, 0x00, 0x00, 0x00, 0x00, 0x00, 0x00, 0x00, 0x00, 0x00, 0x00,
    0x00, 0x00, 0x00, 0x00, 0x00, 0x7F, 0xFC, 0x00, 0x00, 0x7F, 0xFC, 0x00,
    0x00, 0x7F, 0xFC, 0x00, 0x00, 0x7F, 0xFC, 0x00, 0x07, 0x80, 0x03, 0xC0,
    0x0F, 0x80, 0x03, 0xC0, 0x0F, 0x80, 0x03, 0xC0, 0x0F, 0x80, 0x03, 0xC0,
    0x0F, 0x80, 0x03, 0xC0, 0x00, 0x00, 0x03, 0xC0, 0x00, 0x00, 0x03, 0xC0,
    0x00, 0x00, 0x03, 0xC0, 0x00, 0x00, 0x03, 0xC0, 0x00, 0x00, 0x3C, 0x00,
    0x00, 0x00, 0x7C, 0x00, 0x00, 0x00, 0x7C, 0x00, 0x00, 0x00, 0x7C, 0x00,
    0x00, 0x00, 0x78, 0x00, 0x00, 0x07, 0x80, 0x00, 0x00, 0x07, 0x80, 0x00,
    0x00, 0x07, 0x80, 0x00, 0x00, 0x07, 0x80, 0x00, 0x00, 0x78, 0x00, 0x00,
    0x00, 0x78, 0x00, 0x00, 0x00, 0x78, 0x00, 0x00, 0x00, 0x78, 0x00, 0x00,
    0x07, 0x80, 0x00, 0x00, 0x0F, 0x80, 0x00, 0x00, 0x0F, 0x80, 0x00, 0x00,
    0x0F, 0x80, 0x00, 0x00, 0x0F, 0x80, 0x00, 0x00, 0x0F, 0xFF, 0xFF, 0xC0,
    0x0F, 0xFF, 0xFF, 0xC0, 0x0F, 0xFF, 0xFF, 0xC0, 0x0F, 0xFF, 0xFF, 0xC0,
    0x00, 0x00, 0x00, 0x00, 0x00, 0x00, 0x00, 0x00, 0x00, 0x00, 0x00, 0x00,
    0x00, 0x00, 0x00, 0x00, 0x00, 0x00, 0x00, 0x00, 0x00, 0x00, 0x00, 0x00,
    0x00, 0x00, 0x00, 0x00, 0x00, 0x00, 0x00, 0x00, 0x00, 0x00, 0x00, 0x00,
    0x00, 0x00, 0x00, 0x00, 0x00, 0x00, 0x00, 0x00, 0x00, 0x00, 0x00, 0x00,
    0x00, 0x00, 0x00, 0x00, 0x00, 0x7F, 0xFC, 0x00, 0x00, 0x7F, 0xFC, 0x00,
    0x00, 0x7F, 0xFC, 0x00, 0x00, 0x7F, 0xFC, 0x00, 0x07, 0x80, 0x03, 0xC0,
    0x0F, 0x80, 0x03, 0xC0, 0x0F, 0x80, 0x03, 0xC0, 0x0F, 0x80, 0x03, 0xC0,
    0x0F, 0x80, 0x03, 0xC0, 0x00, 0x00, 0x03, 0xC0, 0x00, 0x00, 0x03, 0xC0,
    0x00, 0x00, 0x03, 0xC0, 0x00, 0x00, 0x03, 0xC0, 0x00, 0x07, 0xFC, 0x00,
    0x00, 0x07, 0xFC, 0x00, 0x00, 0x07, 0xFC, 0x00, 0x00, 0x07, 0xFC, 0x00,
    0x00, 0x07, 0xFC, 0x00, 0x00, 0x00, 0x03, 0xC0, 0x00, 0x00, 0x03, 0xC0,
    0x00, 0x00, 0x03, 0xC0, 0x00, 0x00, 0x03, 0xC0, 0x00, 0x00, 0x03, 0xC0,
    0x00, 0x00, 0x03, 0xC0, 0x00, 0x00, 0x03, 0xC0, 0x00, 0x00, 0x03, 0xC0,
    0x07, 0x80, 0x03, 0xC0, 0x0F, 0x80, 0x03, 0xC0, 0x0F, 0x80, 0x03, 0xC0,
    0x0F, 0x80, 0x03, 0xC0, 0x07, 0x80, 0x03, 0xC0, 0x00, 0x7F, 0xFC, 0x00,
    0x00, 0x7F, 0xFC, 0x00, 0x00, 0x7F, 0xFC, 0x00, 0x00, 0x7F, 0xFC, 0x00,
    0x00, 0x00, 0x00, 0x00, 0x00, 0x00, 0x00, 0x00, 0x00, 0x00, 0x00, 0x00,
    0x00, 0x00, 0x00, 0x00, 0x00, 0x00, 0x00, 0x00, 0x00, 0x00, 0x00, 0x00,
    0x00, 0x00, 0x00, 0x00, 0x00, 0x00, 0x00, 0x00, 0x00, 0x00, 0x00, 0x00,
    0x00, 0x00, 0x00, 0x00, 0x00, 0x00, 0x00, 0x00, 0x00, 0x00, 0x00, 0x00,
    0x00, 0x00, 0x00, 0x00, 0x00, 0x00, 0x3F, 0xC0, 0x00, 0x00, 0x7F, 0xC0,
    0x00, 0x00, 0x7F, 0xC0, 0x00, 0x00, 0x7F, 0xC0, 0x00, 0x07, 0x87, 0xC0,
    0x00, 0x07, 0x83, 0xC0, 0x00, 0x07, 0x83, 0xC0, 0x00, 0x07, 0x83, 0xC0,
    0x00, 0x07, 0x83, 0xC0, 0x00, 0x78, 0x03, 0xC0, 0x00, 0x78, 0x03, 0xC0,
    0x00, 0x78, 0x03, 0xC0, 0x00, 0x78, 0x03, 0xC0, 0x0F, 0x80, 0x03, 0xC0,
    0x0F, 0x80, 0x03, 0xC0, 0x0F, 0x80, 0x03, 0xC0, 0x0F, 0x80, 0x03, 0xC0,
    0x0F, 0x80, 0x03, 0xC0, 0x0F, 0x80, 0x03, 0xC0, 0x0F, 0x80, 0x03, 0xC0,
    0x0F, 0x80, 0x03, 0xC0, 0x0F, 0x80, 0x03, 0xC0, 0x0F, 0xFF, 0xFF, 0xC0,
    0x0F, 0xFF, 0xFF, 0xC0, 0x0F, 0xFF, 0xFF, 0xC0, 0x0F, 0xFF, 0xFF, 0xC0,
    0x00, 0x00, 0x03, 0xC0, 0x00, 0x00, 0x03, 0xC0, 0x00, 0x00, 0x03, 0xC0,
    0x00, 0x00, 0x03, 0xC0, 0x00, 0x00, 0x03, 0xC0, 0x00, 0x00, 0x03, 0xC0,
    0x00, 0x00, 0x03, 0xC0, 0x00, 0x00, 0x03, 0xC0, 0x00, 0x00, 0x03, 0xC0,
    0x00, 0x00, 0x00, 0x00, 0x00, 0x00, 0x00, 0x00, 0x00, 0x00, 0x00, 0x00,
    0x00, 0x00, 0x00, 0x00, 0x00, 0x00, 0x00, 0x00, 0x00, 0x00, 0x00, 0x00,
    0x00, 0x00, 0x00, 0x00, 0x00, 0x00, 0x00, 0x00, 0x00, 0x00, 0x00, 0x00,
    0x00, 0x00, 0x00, 0x00, 0x00, 0x00, 0x00, 0x00, 0x00, 0x00, 0x00, 0x00,
    0x00, 0x00, 0x00, 0x00, 0x0F, 0xFF, 0xFF, 0xC0, 0x0F, 0xFF, 0xFF, 0xC0,
    0x0F, 0xFF, 0xFF, 0xC0, 0x0F, 0xFF, 0xFF, 0xC0, 0x0F, 0x80, 0x00, 0x00,
    0x0F, 0x80, 0x00, 0x00, 0x0F, 0x80, 0x00, 0x00, 0x0F, 0x80, 0x00, 0x00,
    0x0F, 0x80, 0x00, 0x00, 0x0F, 0x80, 0x00, 0x00, 0x0F, 0x80, 0x00, 0x00,
    0x0F, 0x80, 0x00, 0x00, 0x0F, 0x80, 0x00, 0x00, 0x0F, 0xFF, 0xFC, 0x00,
    0x0F, 0xFF, 0xFC, 0x00, 0x0F, 0xFF, 0xFC, 0x00, 0x0F, 0xFF, 0xFC, 0x00,
    0x07, 0xFF, 0xFC, 0x00, 0x00, 0x00, 0x03, 0xC0, 0x00, 0x00, 0x03, 0xC0,
    0x00, 0x00, 0x03, 0xC0, 0x00, 0x00, 0x03, 0xC0, 0x00, 0x00, 0x03, 0xC0,
    0x00, 0x00, 0x03, 0xC0, 0x00, 0x00, 0x03, 0xC0, 0x00, 0x00, 0x03, 0xC0,
    0x07, 0x80, 0x03, 0xC0, 0x0F, 0x80, 0x03, 0xC0, 0x0F, 0x80, 0x03, 0xC0,
    0x0F, 0x80, 0x03, 0xC0, 0x07, 0x80, 0x03, 0xC0, 0x00, 0x7F, 0xFC, 0x00,
    0x00, 0x7F, 0xFC, 0x00, 0x00, 0x7F, 0xFC, 0x00, 0x00, 0x7F, 0xFC, 0x00,
    0x00, 0x00, 0x00, 0x00, 0x00, 0x00, 0x00, 0x00, 0x00, 0x00, 0x00, 0x00,
    0x00, 0x00, 0x00, 0x00, 0x00, 0x00, 0x00, 0x00, 0x00, 0x00, 0x00, 0x00,
    0x00, 0x00, 0x00, 0x00, 0x00, 0x00, 0x00, 0x00, 0x00, 0x00, 0x00, 0x00,
    0x00, 0x00, 0x00, 0x00, 0x00, 0x00, 0x00, 0x00, 0x00, 0x00, 0x00, 0x00,
    0x00, 0x00, 0x00, 0x00, 0x00, 0x7F, 0xFC, 0x00, 0x00, 0x7F, 0xFC, 0x00,
    0x00, 0x7F, 0xFC, 0x00, 0x00, 0x7F, 0xFC, 0x00, 0x07, 0x80, 0x03, 0xC0,
    0x0F, 0x80, 0x03, 0xC0, 0x0F, 0x80, 0x03, 0xC0, 0x0F, 0x80, 0x03, 0xC0,
    0x0F, 0x80, 0x03, 0xC0, 0x0F, 0x80, 0x00, 0x00, 0x0F, 0x80, 0x00, 0x00,
    0x0F, 0x80, 0x00, 0x00, 0x0F, 0x80, 0x00, 0x00, 0x0F, 0xFF, 0xFC, 0x00,
    0x0F, 0xFF, 0xFC, 0x00, 0x0F, 0xFF, 0xFC, 0x00, 0x0F, 0xFF, 0xFC, 0x00,
    0x0F, 0xFF, 0xFC, 0x00, 0x0F, 0x80, 0x03, 0xC0, 0x0F, 0x80, 0x03, 0xC0,
    0x0F, 0x80, 0x03, 0xC0, 0x0F, 0x80, 0x03, 0xC0, 0x0F, 0x80, 0x03, 0xC0,
    0x0F, 0x80, 0x03, 0xC0, 0x0F, 0x80, 0x03, 0xC0, 0x0F, 0x80, 0x03, 0xC0,
    0x0F, 0x80, 0x03, 0xC0, 0x0F, 0x80, 0x03, 0xC0, 0x0F, 0x80, 0x03, 0xC0,
    0x0F, 0x80, 0x03, 0xC0, 0x07, 0x80, 0x03, 0xC0, 0x00, 0x7F, 0xFC, 0x00,
    0x00, 0x7F, 0xFC, 0x00, 0x00, 0x7F, 0xFC, 0x00, 0x00, 0x7F, 0xFC, 0x00,
    0x00, 0x00, 0x00, 0x00, 0x00, 0x00, 0x00, 0x00, 0x00, 0x00, 0x00, 0x00,
    0x00, 0x00, 0x00, 0x00, 0x00, 0x00, 0x00, 0x00, 0x00, 0x00, 0x00, 0x00,
    0x00, 0x00, 0x00, 0x00, 0x00, 0x00, 0x00, 0x00, 0x00, 0x00, 0x00, 0x00,
    0x00, 0x00, 0x00, 0x00, 0x00, 0x00, 0x00, 0x00, 0x00, 0x00, 0x00, 0x00,
    0x00, 0x00, 0x00, 0x00, 0x0F, 0xFF, 0xFF, 0xC0, 0x0F, 0xFF, 0xFF, 0xC0,
    0x0F, 0xFF, 0xFF, 0xC0, 0x0F, 0xFF, 0xFF, 0xC0, 0x00, 0x00, 0x07, 0xC0,
    0x00, 0x00, 0x03, 0xC0, 0x00, 0x00, 0x03, 0xC0, 0x00, 0x00, 0x03, 0xC0,
    0x00, 0x00, 0x03, 0xC0, 0x00, 0x00, 0x03, 0xC0, 0x00, 0x00, 0x03, 0xC0,
    0x00, 0x00, 0x03, 0xC0, 0x00, 0x00, 0x03, 0xC0, 0x00, 0x00, 0x3C, 0x00,
    0x00, 0x00, 0x7C, 0x00, 0x00, 0x00, 0x7C, 0x00, 0x00, 0x00, 0x7C, 0x00,
    0x00, 0x00, 0x78, 0x00, 0x00, 0x07, 0x80, 0x00, 0x00, 0x07, 0x80, 0x00,
    0x00, 0x07, 0x80, 0x00, 0x00, 0x07, 0x80, 0x00, 0x00, 0x78, 0x00, 0x00,
    0x00, 0x78, 0x00, 0x00, 0x00, 0x78, 0x00, 0x00, 0x00, 0x78, 0x00, 0x00,
    0x00, 0x78, 0x00, 0x00, 0x00, 0x78, 0x00, 0x00, 0x00, 0x78, 0x00, 0x00,
    0x00, 0x78, 0x00, 0x00, 0x00, 0x78, 0x00, 0x00, 0x00, 0x78, 0x00, 0x00,
    0x00, 0x78, 0x00, 0x00, 0x00, 0x78, 0x00, 0x00, 0x00, 0x78, 0x00, 0x00,
    0x00, 0x00, 0x00, 0x00, 0x00, 0x00, 0x00, 0x00, 0x00, 0x00, 0x00, 0x00,
    0x00, 0x00, 0x00, 0x00, 0x00, 0x00, 0x00, 0x00, 0x00, 0x00, 0x00, 0x00,
    0x00, 0x00, 0x00, 0x00, 0x00, 0x00, 0x00, 0x00, 0x00, 0x00, 0x00, 0x00,
    0x00, 0x00, 0x00, 0x00, 0x00, 0x00, 0x00, 0x00, 0x00, 0x00, 0x00, 0x00,
    0x00, 0x00, 0x00, 0x00, 0x00, 0x7F, 0xFC, 0x00, 0x00, 0x7F, 0xFC, 0x00,
    0x00, 0x7F, 0xFC, 0x00, 0x00, 0x7F, 0xFC, 0x00, 0x07, 0x80, 0x03, 0xC0,
    0x0F, 0x80, 0x03, 0xC0, 0x0F, 0x80, 0x03, 0xC0, 0x0F, 0x80, 0x03, 0xC0,
    0x0F, 0x80, 0x03, 0xC0, 0x0F, 0x80, 0x03, 0xC0, 0x0F, 0x80, 0x03, 0xC0,
    0x0F, 0x80, 0x03, 0xC0, 0x0F, 0x80, 0x03, 0xC0, 0x00, 0x7F, 0xFC, 0x00,
    0x00, 0x7F, 0xFC, 0x00, 0x00, 0x7F, 0xFC, 0x00, 0x00, 0x7F, 0xFC, 0x00,
    0x00, 0x7F, 0xFC, 0x00, 0x0F, 0x80, 0x03, 0xC0, 0x0F, 0x80, 0x03, 0xC0,
    0x0F, 0x80, 0x03, 0xC0, 0x0F, 0x80, 0x03, 0xC0, 0x0F, 0x80, 0x03, 0xC0,
    0x0F, 0x80, 0x03, 0xC0, 0x0F, 0x80, 0x03, 0xC0, 0x0F, 0x80, 0x03, 0xC0,
    0x0F, 0x80, 0x03, 0xC0, 0x0F, 0x80, 0x03, 0xC0, 0x0F, 0x80, 0x03, 0xC0,
    0x0F, 0x80, 0x03, 0xC0, 0x07, 0x80, 0x03, 0xC0, 0x00, 0x7F, 0xFC, 0x00,
    0x00, 0x7F, 0xFC, 0x00, 0x00, 0x7F, 0xFC, 0x00, 0x00, 0x7F, 0xFC, 0x00,
    0x00, 0x00, 0x00, 0x00, 0x00, 0x00, 0x00, 0x00, 0x00, 0x00, 0x00, 0x00,
    0x00, 0x00, 0x00, 0x00, 0x00, 0x00, 0x00, 0x00, 0x00, 0x00, 0x00, 0x00,
    0x00, 0x00, 0x00, 0x00, 0x00, 0x00, 0x00, 0x00, 0x00, 0x00, 0x00, 0x00,
    0x00, 0x00, 0x00, 0x00, 0x00, 0x00, 0x00, 0x00, 0x00, 0x00, 0x00, 0x00,
    0x00, 0x00, 0x00, 0x00, 0x00, 0x7F, 0xFC, 0x00, 0x00, 0x7F, 0xFC, 0x00,
    0x00, 0x7F, 0xFC, 0x00, 0x00, 0x7F, 0xFC, 0x00, 0x07, 0x80, 0x03, 0xC0,
    0x0F, 0x80, 0x03, 0xC0, 0x0F, 0x80, 0x03, 0xC0, 0x0F, 0x80, 0x03, 0xC0,
    0x0F, 0x80, 0x03, 0xC0, 0x0F, 0x80, 0x03, 0xC0, 0x0F, 0x80, 0x03, 0xC0,
    0x0F, 0x80, 0x03, 0xC0, 0x0F, 0x80, 0x03, 0xC0, 0x0F, 0x80, 0x03, 0xC0,
    0x0F, 0x80, 0x03, 0xC0, 0x0F, 0x80, 0x03, 0xC0, 0x0F, 0x80, 0x03, 0xC0,
    0x07, 0x80, 0x07, 0xC0, 0x00, 0x7F, 0xFF, 0xC0, 0x00, 0x7F, 0xFF, 0xC0,
    0x00, 0x7F, 0xFF, 0xC0, 0x00, 0x7F, 0xFF, 0xC0, 0x00, 0x00, 0x03, 0xC0,
    0x00, 0x00, 0x03, 0xC0, 0x00, 0x00, 0x03, 0xC0, 0x00, 0x00, 0x03, 0xC0,
    0x07, 0x80, 0x03, 0xC0, 0x0F, 0x80, 0x03, 0xC0, 0x0F, 0x80, 0x03, 0xC0,
    0x0F, 0x80, 0x03, 0xC0, 0x07, 0x80, 0x03, 0xC0, 0x00, 0x7F, 0xFC, 0x00,
    0x00, 0x7F, 0xFC, 0x00, 0x00, 0x7F, 0xFC, 0x00, 0x00, 0x7F, 0xFC, 0x00,
    0x00, 0x00, 0x00, 0x00, 0x00, 0x00, 0x00, 0x00, 0x00, 0x00, 0x00, 0x00,
    0x00, 0x00, 0x00, 0x00, 0x00, 0x00, 0x00, 0x00, 0x00, 0x00, 0x00, 0x00,
    0x00, 0x00, 0x00, 0x00, 0x00, 0x00, 0x00, 0x00, 0x00, 0x00, 0x00, 0x00,
    0x00, 0x00, 0x00, 0x00, 0x00, 0x00, 0x00, 0x00, 0x00, 0x00, 0x00, 0x00,
    0x00, 0x00, 0x00, 0x00, 0x00, 0x00, 0x00, 0x00, 0x00, 0x00, 0x00, 0x00,
    0x00, 0x00, 0x00, 0x00, 0x00, 0x00, 0x00, 0x00, 0x00, 0x00, 0x00, 0x00,
    0x00, 0x00, 0x00, 0x00, 0x00, 0x00, 0x00, 0x00, 0x00, 0x00, 0x00, 0x00,
    0x00, 0x00, 0x00, 0x00, 0x00, 0x07, 0x80, 0x00, 0x00, 0x07, 0x80, 0x00,
    0x00, 0x07, 0x80, 0x00, 0x00, 0x07, 0x80, 0x00, 0x00, 0x07, 0x80, 0x00,
    0x00, 0x07, 0x80, 0x00, 0x00, 0x07, 0x80, 0x00, 0x00, 0x07, 0x80, 0x00,
    0x00, 0x07, 0x80, 0x00, 0x00, 0x00, 0x00, 0x00, 0x00, 0x00, 0x00, 0x00,
    0x00, 0x00, 0x00, 0x00, 0x00, 0x00, 0x00, 0x00, 0x00, 0x00, 0x00, 0x00,
    0x00, 0x00, 0x00, 0x00, 0x00, 0x00, 0x00, 0x00, 0x00, 0x00, 0x00, 0x00,
    0x00, 0x07, 0x80, 0x00, 0x00, 0x07, 0x80, 0x00, 0x00, 0x07, 0x80, 0x00,
    0x00, 0x07, 0x80, 0x00, 0x00, 0x07, 0x80, 0x00, 0x00, 0x07, 0x80, 0x00,
    0x00, 0x07, 0x80, 0x00, 0x00, 0x07, 0x80, 0x00, 0x00, 0x07, 0x80, 0x00,
    0x00, 0x00, 0x00, 0x00, 0x00, 0x00, 0x00, 0x00, 0x00, 0x00, 0x00, 0x00,
    0x00, 0x00, 0x00, 0x00, 0x00, 0x00, 0x00, 0x00, 0x00, 0x00, 0x00, 0x00,
    0x00, 0x00, 0x00, 0x00, 0x00, 0x00, 0x00, 0x00, 0x00, 0x00, 0x00, 0x00,
    0x00, 0x00, 0x00, 0x00, 0x00, 0x00, 0x00, 0x00, 0x00, 0x00, 0x00, 0x00,
    0x00, 0x00, 0x00, 0x00, 0x00, 0x00, 0x00, 0x00, 0x00, 0x00, 0x00, 0x00,
    0x00, 0x00, 0x00, 0x00, 0x00, 0x00, 0x00, 0x00, 0x00, 0x00, 0x00, 0x00,
    0x00, 0x00, 0x00, 0x00, 0x00, 0x00, 0x00, 0x00, 0x00, 0x00, 0x00, 0x00,
    0x00, 0x00, 0x00, 0x00, 0x00, 0x07, 0x80, 0x00, 0x00, 0x07, 0x80, 0x00,
    0x00, 0x07, 0x80, 0x00, 0x00, 0x07, 0x80, 0x00, 0x00, 0x07, 0x80, 0x00,
    0x00, 0x07, 0x80, 0x00, 0x00, 0x07, 0x80, 0x00, 0x00, 0x07, 0x80, 0x00,
    0x00, 0x07, 0x80, 0x00, 0x00, 0x00, 0x00, 0x00, 0x00, 0x00, 0x00, 0x00,
    0x00, 0x00, 0x00, 0x00, 0x00, 0x00, 0x00, 0x00, 0x00, 0x00, 0x00, 0x00,
    0x00, 0x00, 0x00, 0x00, 0x00, 0x00, 0x00, 0x00, 0x00, 0x00, 0x00, 0x00,
    0x00, 0x07, 0x80, 0x00, 0x00, 0x07, 0x80, 0x00, 0x00, 0x07, 0x80, 0x00,
    0x00, 0x07, 0x80, 0x00, 0x00, 0x07, 0x80, 0x00, 0x00, 0x07, 0x80, 0x00,
    0x00, 0x07, 0x80, 0x00, 0x00, 0x07, 0x80, 0x00, 0x00, 0x07, 0x80, 0x00,
    0x00, 0x78, 0x00, 0x00, 0x00, 0x78, 0x00, 0x00, 0x00, 0x78, 0x00, 0x00,
    0x00, 0x78, 0x00, 0x00, 0x00, 0x00, 0x00, 0x00, 0x00, 0x00, 0x00, 0x00,
    0x00, 0x00, 0x00, 0x00, 0x00, 0x00, 0x00, 0x00, 0x00, 0x00, 0x00, 0x00,
    0x00, 0x00, 0x00, 0x00, 0x00, 0x00, 0x00, 0x00, 0x00, 0x00, 0x00, 0x00,
    0x00, 0x00, 0x00, 0x00, 0x00, 0x00, 0x00, 0x00, 0x00, 0x00, 0x00, 0x00,
    0x00, 0x00, 0x00, 0x00, 0x00, 0x00, 0x00, 0x00, 0x00, 0x00, 0x38, 0x00,
    0x00, 0x00, 0x7C, 0x00, 0x00, 0x00, 0x7C, 0x00, 0x00, 0x00, 0x7C, 0x00,
    0x00, 0x00, 0x7C, 0x00, 0x00, 0x07, 0x80, 0x00, 0x00, 0x07, 0x80, 0x00,
    0x00, 0x07, 0x80, 0x00, 0x00, 0x07, 0x80, 0x00, 0x00, 0x78, 0x00, 0x00,
    0x00, 0x78, 0x00, 0x00, 0x00, 0x78, 0x00, 0x00, 0x00, 0x78, 0x00, 0x00,
    0x00, 0x78, 0x00, 0x00, 0x0F, 0x80, 0x00, 0x00, 0x0F, 0x80, 0x00, 0x00,
    0x0F, 0x80, 0x00, 0x00, 0x0F, 0x80, 0x00, 0x00, 0x00, 0x78, 0x00, 0x00,
    0x00, 0x78, 0x00, 0x00, 0x00, 0x78, 0x00, 0x00, 0x00, 0x78, 0x00, 0x00,
    0x00, 0x07, 0x80, 0x00, 0x00, 0x07, 0x80, 0x00, 0x00, 0x07, 0x80, 0x00,
    0x00, 0x07, 0x80, 0x00, 0x00, 0x07, 0x80, 0x00, 0x00, 0x00, 0x7C, 0x00,
    0x00, 0x00, 0x7C, 0x00, 0x00, 0x00, 0x7C, 0x00, 0x00, 0x00, 0x7C, 0x00,
    0x00, 0x00, 0x00, 0x00, 0x00, 0x00, 0x00, 0x00, 0x00, 0x00, 0x00, 0x00,
    0x00, 0x00, 0x00, 0x00, 0x00, 0x00, 0x00, 0x00, 0x00, 0x00, 0x00, 0x00,
    0x00, 0x00, 0x00, 0x00, 0x00, 0x00, 0x00, 0x00, 0x00, 0x00, 0x00, 0x00,
    0x00, 0x00, 0x00, 0x00, 0x00, 0x00, 0x00, 0x00, 0x00, 0x00, 0x00, 0x00,
    0x00, 0x00, 0x00, 0x00, 0x00, 0x00, 0x00, 0x00, 0x00, 0x00, 0x00, 0x00,
    0x00, 0x00, 0x00, 0x00, 0x00, 0x00, 0x00, 0x00, 0x00, 0x00, 0x00, 0x00,
    0x00, 0x00, 0x00, 0x00, 0x00, 0x00, 0x00, 0x00, 0x00, 0x00, 0x00, 0x00,
    0x00, 0x00, 0x00, 0x00, 0x00, 0x00, 0x00, 0x00, 0x00, 0x00, 0x00, 0x00,
    0x00, 0x00, 0x00, 0x00, 0x00, 0x00, 0x00, 0x00, 0x0F, 0xFF, 0xFF, 0xC0,
    0x0F, 0xFF, 0xFF, 0xC0, 0x0F, 0xFF, 0xFF, 0xC0, 0x0F, 0xFF, 0xFF, 0xC0,
    0x07, 0xFF, 0xFF, 0xC0, 0x00, 0x00, 0x00, 0x00, 0x00, 0x00, 0x00, 0x00,
    0x00, 0x00, 0x00, 0x00, 0x00, 0x00, 0x00, 0x00, 0x0F, 0xFF, 0xFF, 0xC0,
    0x0F, 0xFF, 0xFF, 0xC0, 0x0F, 0xFF, 0xFF, 0xC0, 0x0F, 0xFF, 0xFF, 0xC0,
    0x00, 0x00, 0x00, 0x00, 0x00, 0x00, 0x00, 0x00, 0x00, 0x00, 0x00, 0x00,
    0x00, 0x00, 0x00, 0x00, 0x00, 0x00, 0x00, 0x00, 0x00, 0x00, 0x00, 0x00,
    0x00, 0x00, 0x00, 0x00, 0x00, 0x00, 0x00, 0x00, 0x00, 0x00, 0x00, 0x00,
    0x00, 0x00, 0x00, 0x00, 0x00, 0x00, 0x00, 0x00, 0x00, 0x00, 0x00, 0x00,
    0x00, 0x00, 0x00, 0x00, 0x00, 0x00, 0x00, 0x00, 0x00, 0x00, 0x00, 0x00,
    0x00, 0x00, 0x00, 0x00, 0x00, 0x00, 0x00, 0x00, 0x00, 0x00, 0x00, 0x00,
    0x00, 0x00, 0x00, 0x00, 0x00, 0x00, 0x00, 0x00, 0x00, 0x00, 0x00, 0x00,
    0x00, 0x00, 0x00, 0x00, 0x00, 0x00, 0x00, 0x00, 0x00, 0x00, 0x00, 0x00,
    0x00, 0x00, 0x00, 0x00, 0x00, 0x00, 0x00, 0x00, 0x00, 0x78, 0x00, 0x00,
    0x00, 0x78, 0x00, 0x00, 0x00, 0x78, 0x00, 0x00, 0x00, 0x78, 0x00, 0x00,
    0x00, 0x78, 0x00, 0x00, 0x00, 0x07, 0x80, 0x00, 0x00, 0x07, 0x80, 0x00,
    0x00, 0x07, 0x80, 0x00, 0x00, 0x07, 0x80, 0x00, 0x00, 0x00, 0x7C, 0x00,
    0x00, 0x00, 0x7C, 0x00, 0x00, 0x00, 0x7C, 0x00, 0x00, 0x00, 0x7C, 0x00,
    0x00, 0x00, 0x3C, 0x00, 0x00, 0x00, 0x03, 0xC0, 0x00, 0x00, 0x03, 0xC0,
    0x00, 0x00, 0x03, 0xC0, 0x00, 0x00, 0x03, 0xC0, 0x00, 0x00, 0x7C, 0x00,
    0x00, 0x00, 0x7C, 0x00, 0x00, 0x00, 0x7C, 0x00, 0x00, 0x00, 0x7C, 0x00,
    0x00, 0x07, 0x80, 0x00, 0x00, 0x07, 0x80, 0x00, 0x00, 0x07, 0x80, 0x00,
    0x00, 0x07, 0x80, 0x00, 0x00, 0x07, 0x80, 0x00, 0x00, 0x78, 0x00, 0x00,
    0x00, 0x78, 0x00, 0x00, 0x00, 0x78, 0x00, 0x00, 0x00, 0x78, 0x00, 0x00,
    0x00, 0x00, 0x00, 0x00, 0x00, 0x00, 0x00, 0x00, 0x00, 0x00, 0x00, 0x00,
    0x00, 0x00, 0x00, 0x00, 0x00, 0x00, 0x00, 0x00, 0x00, 0x00, 0x00, 0x00,
    0x00, 0x00, 0x00, 0x00, 0x00, 0x00, 0x00, 0x00, 0x00, 0x00, 0x00, 0x00,
    0x00, 0x00, 0x00, 0x00, 0x00, 0x00, 0x00, 0x00, 0x00, 0x00, 0x00, 0x00,
    0x00, 0x00, 0x00, 0x00, 0x00, 0x7F, 0xFC, 0x00, 0x00, 0x7F, 0xFC, 0x00,
    0x00, 0x7F, 0xFC, 0x00, 0x00, 0x7F, 0xFC, 0x00, 0x07, 0x80, 0x03, 0xC0,
    0x0F, 0x80, 0x03, 0xC0, 0x0F, 0x80, 0x03, 0xC0, 0x0F, 0x80, 0x03, 0xC0,
    0x0F, 0x80, 0x03, 0xC0, 0x00, 0x00, 0x03, 0xC0, 0x00, 0x00, 0x03, 0xC0,
    0x00, 0x00, 0x03, 0xC0, 0x00, 0x00, 0x03, 0xC0, 0x00, 0x00, 0x3C, 0x00,
    0x00, 0x00, 0x7C, 0x00, 0x00, 0x00, 0x7C, 0x00, 0x00, 0x00, 0x7C, 0x00,
    0x00, 0x00, 0x78, 0x00, 0x00, 0x07, 0x80, 0x00, 0x00, 0x07, 0x80, 0x00,
    0x00, 0x07, 0x80, 0x00, 0x00, 0x07, 0x80, 0x00, 0x00, 0x07, 0x80, 0x00,
    0x00, 0x07, 0x80, 0x00, 0x00, 0x07, 0x80, 0x00, 0x00, 0x07, 0x80, 0x00,
    0x00, 0x00, 0x00, 0x00, 0x00, 0x00, 0x00, 0x00, 0x00, 0x00, 0x00, 0x00,
    0x00, 0x00, 0x00, 0x00, 0x00, 0x00, 0x00, 0x00, 0x00, 0x07, 0x80, 0x00,
    0x00, 0x07, 0x80, 0x00, 0x00, 0x07, 0x80, 0x00, 0x00, 0x07, 0x80, 0x00,
    0x00, 0x00, 0x00, 0x00, 0x00, 0x00, 0x00, 0x00, 0x00, 0x00, 0x00, 0x00,
    0x00, 0x00, 0x00, 0x00, 0x00, 0x00, 0x00, 0x00, 0x00, 0x00, 0x00, 0x00,
    0x00, 0x00, 0x00, 0x00, 0x00, 0x00, 0x00, 0x00, 0x00, 0x00, 0x00, 0x00,
    0x00, 0x00, 0x00, 0x00, 0x00, 0x00, 0x00, 0x00, 0x00, 0x00, 0x00, 0x00,
    0x00, 0x00, 0x00, 0x00, 0x00, 0x7F, 0xFC, 0x00, 0x00, 0x7F, 0xFC, 0x00,
    0x00, 0x7F, 0xFC, 0x00, 0x00, 0x7F, 0xFC, 0x00, 0x07, 0x80, 0x03, 0xC0,
    0x0F, 0x80, 0x03, 0xC0, 0x0F, 0x80, 0x03, 0xC0, 0x0F, 0x80, 0x03, 0xC0,
    0x0F, 0x80, 0x03, 0xC0, 0x00, 0x00, 0x03, 0xC0, 0x00, 0x00, 0x03, 0xC0,
    0x00, 0x00, 0x03, 0xC0, 0x00, 0x00, 0x03, 0xC0, 0x00, 0x7F, 0x83, 0xC0,
    0x00, 0x7F, 0x83, 0xC0, 0x00, 0x7F, 0x83, 0xC0, 0x00, 0x7F, 0x83, 0xC0,
    0x00, 0x7F, 0x83, 0xC0, 0x0F, 0x87, 0x83, 0xC0, 0x0F, 0x87, 0x83, 0xC0,
    0x0F, 0x87, 0x83, 0xC0, 0x0F, 0x87, 0x83, 0xC0, 0x0F, 0x87, 0x83, 0xC0,
    0x0F, 0x87, 0x83, 0xC0, 0x0F, 0x87, 0x83, 0xC0, 0x0F, 0x87, 0x83, 0xC0,
    0x0F, 0x87, 0x83, 0xC0, 0x0F, 0x87, 0x83, 0xC0, 0x0F, 0x87, 0x83, 0xC0,
    0x0F, 0x87, 0x83, 0xC0, 0x07, 0x87, 0x83, 0xC0, 0x00, 0x78, 0x7C, 0x00,
    0x00, 0x78, 0x7C, 0x00, 0x00, 0x78, 0x7C, 0x00, 0x00, 0x78, 0x7C, 0x00,
    0x00, 0x00, 0x00, 0x00, 0x00, 0x00, 0x00, 0x00, 0x00, 0x00, 0x00, 0x00,
    0x00, 0x00, 0x00, 0x00, 0x00, 0x00, 0x00, 0x00, 0x00, 0x00, 0x00, 0x00,
    0x00, 0x00, 0x00, 0x00, 0x00, 0x00, 0x00, 0x00, 0x00, 0x00, 0x00, 0x00,
    0x00, 0x00, 0x00, 0x00, 0x00, 0x00, 0x00, 0x00, 0x00, 0x00, 0x00, 0x00,
    0x00, 0x00, 0x00, 0x00, 0x00, 0x07, 0x80, 0x00, 0x00, 0x07, 0x80, 0x00,
    0x00, 0x07, 0x80, 0x00, 0x00, 0x07, 0x80, 0x00, 0x00, 0x78, 0x78, 0x00,
    0x00, 0x78, 0x7C, 0x00, 0x00, 0x78, 0x7C, 0x00, 0x00, 0x78, 0x7C, 0x00,
    0x00, 0x78, 0x3C, 0x00, 0x0F, 0x80, 0x03, 0xC0, 0x0F, 0x80, 0x03, 0xC0,
    0x0F, 0x80, 0x03, 0xC0, 0x0F, 0x80, 0x03, 0xC0, 0x0F, 0x80, 0x03, 0xC0,
    0x0F, 0x80, 0x03, 0xC0, 0x0F, 0x80, 0x03, 0xC0, 0x0F, 0x80, 0x03, 0xC0,
    0x0F, 0x80, 0x07, 0xC0, 0x0F, 0xFF, 0xFF, 0xC0, 0x0F, 0xFF, 0xFF, 0xC0,
    0x0F, 0xFF, 0xFF, 0xC0, 0x0F, 0xFF, 0xFF, 0xC0, 0x0F, 0x80, 0x03, 0xC0,
    0x0F, 0x80, 0x03, 0xC0, 0x0F, 0x80, 0x03, 0xC0, 0x0F, 0x80, 0x03, 0xC0,
    0x0F, 0x80, 0x03, 0xC0, 0x0F, 0x80, 0x03, 0xC0, 0x0F, 0x80, 0x03, 0xC0,
    0x0F, 0x80, 0x03, 0xC0, 0x0F, 0x80, 0x03, 0xC0, 0x0F, 0x80, 0x03, 0xC0,
    0x0F, 0x80, 0x03, 0xC0, 0x0F, 0x80, 0x03, 0xC0, 0x0F, 0x80, 0x03, 0xC0,
    0x00, 0x00, 0x00, 0x00, 0x00, 0x00, 0x00, 0x00, 0x00, 0x00, 0x00, 0x00,
    0x00, 0x00, 0x00, 0x00, 0x00, 0x00, 0x00, 0x00, 0x00, 0x00, 0x00, 0x00,
    0x00, 0x00, 0x00, 0x00, 0x00, 0x00, 0x00, 0x00, 0x00, 0x00, 0x00, 0x00,
    0x00, 0x00, 0x00, 0x00, 0x00, 0x00, 0x00, 0x00, 0x00, 0x00, 0x00, 0x00,
    0x00, 0x00, 0x00, 0x00, 0x0F, 0xFF, 0xFC, 0x00, 0x0F, 0xFF, 0xFC, 0x00,
    0x0F, 0xFF, 0xFC, 0x00, 0x0F, 0xFF, 0xFC, 0x00, 0x0F, 0x80, 0x03, 0xC0,
    0x0F, 0x80, 0x03, 0xC0, 0x0F, 0x80, 0x03, 0xC0, 0x0F, 0x80, 0x03, 0xC0,
    0x0F, 0x80, 0x03, 0xC0, 0x0F, 0x80, 0x03, 0xC0, 0x0F, 0x80, 0x03, 0xC0,
    0x0F, 0x80, 0x03, 0xC0, 0x0F, 0x80, 0x03, 0xC0, 0x0F, 0xFF, 0xFC, 0x00,
    0x0F, 0xFF, 0xFC, 0x00, 0x0F, 0xFF, 0xFC, 0x00, 0x0F, 0xFF, 0xFC, 0x00,
    0x0F, 0xFF, 0xFC, 0x00, 0x0F, 0x80, 0x03, 0xC0, 0x0F, 0x80, 0x03, 0xC0,
    0x0F, 0x80, 0x03, 0xC0, 0x0F, 0x80, 0x03, 0xC0, 0x0F, 0x80, 0x03, 0xC0,
    0x0F, 0x80, 0x03, 0xC0, 0x0F, 0x80, 0x03, 0xC0, 0x0F, 0x80, 0x03, 0xC0,
    0x0F, 0x80, 0x03, 0xC0, 0x0F, 0x80, 0x03, 0xC0, 0x0F, 0x80, 0x03, 0xC0,
    0x0F, 0x80, 0x03, 0xC0, 0x0F, 0x80, 0x03, 0xC0, 0x0F, 0xFF, 0xFC, 0x00,
    0x0F, 0xFF, 0xFC, 0x00, 0x0F, 0xFF, 0xFC, 0x00, 0x0F, 0xFF, 0xFC, 0x00,
    0x00, 0x00, 0x00, 0x00, 0x00, 0x00, 0x00, 0x00, 0x00, 0x00, 0x00, 0x00,
    0x00, 0x00, 0x00, 0x00, 0x00, 0x00, 0x00, 0x00, 0x00, 0x00, 0x00, 0x00,
    0x00, 0x00, 0x00, 0x00, 0x00, 0x00, 0x00, 0x00, 0x00, 0x00, 0x00, 0x00,
    0x00, 0x00, 0x00, 0x00, 0x00, 0x00, 0x00, 0x00, 0x00, 0x00, 0x00, 0x00,
    0x00, 0x00, 0x00, 0x00, 0x00, 0x7F, 0xFC, 0x00, 0x00, 0x7F, 0xFC, 0x00,
    0x00, 0x7F, 0xFC, 0x00, 0x00, 0x7F, 0xFC, 0x00, 0x07, 0x80, 0x03, 0xC0,
    0x0F, 0x80, 0x03, 0xC0, 0x0F, 0x80, 0x03, 0xC0, 0x0F, 0x80, 0x03, 0xC0,
    0x0F, 0x80, 0x03, 0xC0, 0x0F, 0x80, 0x00, 0x00, 0x0F, 0x80, 0x00, 0x00,
    0x0F, 0x80, 0x00, 0x00, 0x0F, 0x80, 0x00, 0x00, 0x0F, 0x80, 0x00, 0x00,
    0x0F, 0x80, 0x00, 0x00, 0x0F, 0x80, 0x00, 0x00, 0x0F, 0x80, 0x00, 0x00,
    0x0F, 0x80, 0x00, 0x00, 0x0F, 0x80, 0x00, 0x00, 0x0F, 0x80, 0x00, 0x00,
    0x0F, 0x80, 0x00, 0x00, 0x0F, 0x80, 0x00, 0x00, 0x0F, 0x80, 0x00, 0x00,
    0x0F, 0x80, 0x00, 0x00, 0x0F, 0x80, 0x00, 0x00, 0x0F, 0x80, 0x00, 0x00,
    0x0F, 0x80, 0x03, 0xC0, 0x0F, 0x80, 0x03, 0xC0, 0x0F, 0x80, 0x03, 0xC0,
    0x0F, 0x80, 0x03, 0xC0, 0x07, 0x80, 0x03, 0xC0, 0x00, 0x7F, 0xFC, 0x00,
    0x00, 0x7F, 0xFC, 0x00, 0x00, 0x7F, 0xFC, 0x00, 0x00, 0x7F, 0xFC, 0x00,
    0x00, 0x00, 0x00, 0x00, 0x00, 0x00, 0x00, 0x00, 0x00, 0x00, 0x00, 0x00,
    0x00, 0x00, 0x00, 0x00, 0x00, 0x00, 0x00, 0x00, 0x00, 0x00, 0x00, 0x00,
    0x00, 0x00, 0x00, 0x00, 0x00, 0x00, 0x00, 0x00, 0x00, 0x00, 0x00, 0x00,
    0x00, 0x00, 0x00, 0x00, 0x00, 0x00, 0x00, 0x00, 0x00, 0x00, 0x00, 0x00,
    0x00, 0x00, 0x00, 0x00, 0x0F, 0xFF, 0xFC, 0x00, 0x0F, 0xFF, 0xFC, 0x00,
    0x0F, 0xFF, 0xFC, 0x00, 0x0F, 0xFF, 0xFC, 0x00, 0x0F, 0x80, 0x03, 0xC0,
    0x0F, 0x80, 0x03, 0xC0, 0x0F, 0x80, 0x03, 0xC0, 0x0F, 0x80, 0x03, 0xC0,
    0x0F, 0x80, 0x03, 0xC0, 0x0F, 0x80, 0x03, 0xC0, 0x0F, 0x80, 0x03, 0xC0,
    0x0F, 0x80, 0x03, 0xC0, 0x0F, 0x80, 0x03, 0xC0, 0x0F, 0x80, 0x03, 0xC0,
    0x0F, 0x80, 0x03, 0xC0, 0x0F, 0x80, 0x03, 0xC0, 0x0F, 0x80, 0x03, 0xC0,
    0x0F, 0x80, 0x03, 0xC0, 0x0F, 0x80, 0x03, 0xC0, 0x0F, 0x80, 0x03, 0xC0,
    0x0F, 0x80, 0x03, 0xC0, 0x0F, 0x80, 0x03, 0xC0, 0x0F, 0x80, 0x03, 0xC0,
    0x0F, 0x80, 0x03, 0xC0, 0x0F, 0x80, 0x03, 0xC0, 0x0F, 0x80, 0x03, 0xC0,
    0x0F, 0x80, 0x03, 0xC0, 0x0F, 0x80, 0x03, 0xC0, 0x0F, 0x80, 0x03, 0xC0,
    0x0F, 0x80, 0x03, 0xC0, 0x0F, 0x80, 0x03, 0xC0, 0x0F, 0xFF, 0xFC, 0x00,
    0x0F, 0xFF, 0xFC, 0x00, 0x0F, 0xFF, 0xFC, 0x00, 0x0F, 0xFF, 0xFC, 0x00,
    0x00, 0x00, 0x00, 0x00, 0x00, 0x00, 0x00, 0x00, 0x00, 0x00, 0x00, 0x00,
    0x00, 0x00, 0x00, 0x00, 0x00, 0x00, 0x00, 0x00, 0x00, 0x00, 0x00, 0x00,
    0x00, 0x00, 0x00, 0x00, 0x00, 0x00, 0x00, 0x00, 0x00, 0x00, 0x00, 0x00,
    0x00, 0x00, 0x00, 0x00, 0x00, 0x00, 0x00, 0x00, 0x00, 0x00, 0x00, 0x00,
    0x00, 0x00, 0x00, 0x00, 0x0F, 0xFF, 0xFF, 0xC0, 0x0F, 0xFF, 0xFF, 0xC0,
    0x0F, 0xFF, 0xFF, 0xC0, 0x0F, 0xFF, 0xFF, 0xC0, 0x0F, 0x80, 0x00, 0x00,
    0x0F, 0x80, 0x00, 0x00, 0x0F, 0x80, 0x00, 0x00, 0x0F, 0x80, 0x00, 0x00,
    0x0F, 0x80, 0x00, 0x00, 0x0F, 0x80, 0x00, 0x00, 0x0F, 0x80, 0x00, 0x00,
    0x0F, 0x80, 0x00, 0x00, 0x0F, 0x80, 0x00, 0x00, 0x0F, 0xFF, 0xFC, 0x00,
    0x0F, 0xFF, 0xFC, 0x00, 0x0F, 0xFF, 0xFC, 0x00, 0x0F, 0xFF, 0xFC, 0x00,
    0x0F, 0xFF, 0xF8, 0x00, 0x0F, 0x80, 0x00, 0x00, 0x0F, 0x80, 0x00, 0x00,
    0x0F, 0x80, 0x00, 0x00, 0x0F, 0x80, 0x00, 0x00, 0x0F, 0x80, 0x00, 0x00,
    0x0F, 0x80, 0x00, 0x00, 0x0F, 0x80, 0x00, 0x00, 0x0F, 0x80, 0x00, 0x00,
    0x0F, 0x80, 0x00, 0x00, 0x0F, 0x80, 0x00, 0x00, 0x0F, 0x80, 0x00, 0x00,
    0x0F, 0x80, 0x00, 0x00, 0x0F, 0x80, 0x00, 0x00, 0x0F, 0xFF, 0xFF, 0xC0,
    0x0F, 0xFF, 0xFF, 0xC0, 0x0F, 0xFF, 0xFF, 0xC0, 0x0F, 0xFF, 0xFF, 0xC0,
    0x00, 0x00, 0x00, 0x00, 0x00, 0x00, 0x00, 0x00, 0x00, 0x00, 0x00, 0x00,
    0x00, 0x00, 0x00, 0x00, 0x00, 0x00, 0x00, 0x00, 0x00, 0x00, 0x00, 0x00,
    0x00, 0x00, 0x00, 0x00, 0x00, 0x00, 0x00, 0x00, 0x00, 0x00, 0x00, 0x00,
    0x00, 0x00, 0x00, 0x00, 0x00, 0x00, 0x00, 0x00, 0x00, 0x00, 0x00, 0x00,
    0x00, 0x00, 0x00, 0x00, 0x0F, 0xFF, 0xFF, 0xC0, 0x0F, 0xFF, 0xFF, 0xC0,
    0x0F, 0xFF, 0xFF, 0xC0, 0x0F, 0xFF, 0xFF, 0xC0, 0x0F, 0x80, 0x00, 0x00,
    0x0F, 0x80, 0x00, 0x00, 0x0F, 0x80, 0x00, 0x00, 0x0F, 0x80, 0x00, 0x00,
    0x0F, 0x80, 0x00, 0x00, 0x0F, 0x80, 0x00, 0x00, 0x0F, 0x80, 0x00, 0x00,
    0x0F, 0x80, 0x00, 0x00, 0x0F, 0x80, 0x00, 0x00, 0x0F, 0xFF, 0xFC, 0x00,
    0x0F, 0xFF, 0xFC, 0x00, 0x0F, 0xFF, 0xFC, 0x00, 0x0F, 0xFF, 0xFC, 0x00,
    0x0F, 0xFF, 0xF8, 0x00, 0x0F, 0x80, 0x00, 0x00, 0x0F, 0x80, 0x00, 0x00,
    0x0F, 0x80, 0x00, 0x00, 0x0F, 0x80, 0x00, 0x00, 0x0F, 0x80, 0x00, 0x00,
    0x0F, 0x80, 0x00, 0x00, 0x0F, 0x80, 0x00, 0x00, 0x0F, 0x80, 0x00, 0x00,
    0x0F, 0x80, 0x00, 0x00, 0x0F, 0x80, 0x00, 0x00, 0x0F, 0x80, 0x00, 0x00,
    0x0F, 0x80, 0x00, 0x00, 0x0F, 0x80, 0x00, 0x00, 0x0F, 0x80, 0x00, 0x00,
    0x0F, 0x80, 0x00, 0x00, 0x0F, 0x80, 0x00, 0x00, 0x0F, 0x80, 0x00, 0x00,
    0x00, 0x00, 0x00, 0x00, 0x00, 0x00, 0x00, 0x00, 0x00, 0x00, 0x00, 0x00,
    0x00, 0x00, 0x00, 0x00, 0x00, 0x00, 0x00, 0x00, 0x00, 0x00, 0x00, 0x00,
    0x00, 0x00, 0x00, 0x00, 0x00, 0x00, 0x00, 0x00, 0x00, 0x00, 0x00, 0x00,
    0x00, 0x00, 0x00, 0x00, 0x00, 0x00, 0x00, 0x00, 0x00, 0x00, 0x00, 0x00,
    0x00, 0x00, 0x00, 0x00, 0x00, 0x7F, 0xFC, 0x00, 0x00, 0x7F, 0xFC, 0x00,
    0x00, 0x7F, 0xFC, 0x00, 0x00, 0x7F, 0xFC, 0x00, 0x07, 0x80, 0x03, 0xC0,
    0x0F, 0x80, 0x03, 0xC0, 0x0F, 0x80, 0x03, 0xC0, 0x0F, 0x80, 0x03, 0xC0,
    0x0F, 0x80, 0x03, 0xC0, 0x0F, 0x80, 0x00, 0x00, 0x0F, 0x80, 0x00, 0x00,
    0x0F, 0x80, 0x00, 0x00, 0x0F, 0x80, 0x00, 0x00, 0x0F, 0x80, 0x00, 0x00,
    0x0F, 0x80, 0x00, 0x00, 0x0F, 0x80, 0x00, 0x00, 0x0F, 0x80, 0x00, 0x00,
    0x0F, 0x80, 0x00, 0x00, 0x0F, 0x80, 0x7F, 0xC0, 0x0F, 0x80, 0x7F, 0xC0,
    0x0F, 0x80, 0x7F, 0xC0, 0x0F, 0x80, 0x7F, 0xC0, 0x0F, 0x80, 0x03, 0xC0,
    0x0F, 0x80, 0x03, 0xC0, 0x0F, 0x80, 0x03, 0xC0, 0x0F, 0x80, 0x03, 0xC0,
    0x0F, 0x80, 0x03, 0xC0, 0x0F, 0x80, 0x03, 0xC0, 0x0F, 0x80, 0x03, 0xC0,
    0x0F, 0x80, 0x03, 0xC0, 0x07, 0x80, 0x03, 0xC0, 0x00, 0x7F, 0xFC, 0x00,
    0x00, 0x7F, 0xFC, 0x00, 0x00, 0x7F, 0xFC, 0x00, 0x00, 0x7F, 0xFC, 0x00,
    0x00, 0x00, 0x00, 0x00, 0x00, 0x00, 0x00, 0x00, 0x00, 0x00, 0x00, 0x00,
    0x00, 0x00, 0x00, 0x00, 0x00, 0x00, 0x00, 0x00, 0x00, 0x00, 0x00, 0x00,
    0x00, 0x00, 0x00, 0x00, 0x00, 0x00, 0x00, 0x00, 0x00, 0x00, 0x00, 0x00,
    0x00, 0x00, 0x00, 0x00, 0x00, 0x00, 0x00, 0x00, 0x00, 0x00, 0x00, 0x00,
    0x00, 0x00, 0x00, 0x00, 0x0F, 0x80, 0x03, 0xC0, 0x0F, 0x80, 0x03, 0xC0,
    0x0F, 0x80, 0x03, 0xC0, 0x0F, 0x80, 0x03, 0xC0, 0x0F, 0x80, 0x03, 0xC0,
    0x0F, 0x80, 0x03, 0xC0, 0x0F, 0x80, 0x03, 0xC0, 0x0F, 0x80, 0x03, 0xC0,
    0x0F, 0x80, 0x03, 0xC0, 0x0F, 0x80, 0x03, 0xC0, 0x0F, 0x80, 0x03, 0xC0,
    0x0F, 0x80, 0x03, 0xC0, 0x0F, 0x80, 0x03, 0xC0, 0x0F, 0xFF, 0xFF, 0xC0,
    0x0F, 0xFF, 0xFF, 0xC0, 0x0F, 0xFF, 0xFF, 0xC0, 0x0F, 0xFF, 0xFF, 0xC0,
    0x0F, 0xFF, 0xFF, 0xC0, 0x0F, 0x80, 0x03, 0xC0, 0x0F, 0x80, 0x03, 0xC0,
    0x0F, 0x80, 0x03, 0xC0, 0x0F, 0x80, 0x03, 0xC0, 0x0F, 0x80, 0x03, 0xC0,
    0x0F, 0x80, 0x03, 0xC0, 0x0F, 0x80, 0x03, 0xC0, 0x0F, 0x80, 0x03, 0xC0,
    0x0F, 0x80, 0x03, 0xC0, 0x0F, 0x80, 0x03, 0xC0, 0x0F, 0x80, 0x03, 0xC0,
    0x0F, 0x80, 0x03, 0xC0, 0x0F, 0x80, 0x03, 0xC0, 0x0F, 0x80, 0x03, 0xC0,
    0x0F, 0x80, 0x03, 0xC0, 0x0F, 0x80, 0x03, 0xC0, 0x0F, 0x80, 0x03, 0xC0,
    0x00, 0x00, 0x00, 0x00, 0x00, 0x00, 0x00, 0x00, 0x00, 0x00, 0x00, 0x00,
    0x00, 0x00, 0x00, 0x00, 0x00, 0x00, 0x00, 0x00, 0x00, 0x00, 0x00, 0x00,
    0x00, 0x00, 0x00, 0x00, 0x00, 0x00, 0x00, 0x00, 0x00, 0x00, 0x00, 0x00,
    0x00, 0x00, 0x00, 0x00, 0x00, 0x00, 0x00, 0x00, 0x00, 0x00, 0x00, 0x00,
    0x00, 0x00, 0x00, 0x00, 0x0F, 0xFF, 0xFF, 0xC0, 0x0F, 0xFF, 0xFF, 0xC0,
    0x0F, 0xFF, 0xFF, 0xC0, 0x0F, 0xFF, 0xFF, 0xC0, 0x00, 0x07, 0xC0, 0x00,
    0x00, 0x07, 0x80, 0x00, 0x00, 0x07, 0x80, 0x00, 0x00, 0x07, 0x80, 0x00,
    0x00, 0x07, 0x80, 0x00, 0x00, 0x07, 0x80, 0x00, 0x00, 0x07, 0x80, 0x00,
    0x00, 0x07, 0x80, 0x00, 0x00, 0x07, 0x80, 0x00, 0x00, 0x07, 0x80, 0x00,
    0x00, 0x07, 0x80, 0x00, 0x00, 0x07, 0x80, 0x00, 0x00, 0x07, 0x80, 0x00,
    0x00, 0x07, 0x80, 0x00, 0x00, 0x07, 0x80, 0x00, 0x00, 0x07, 0x80, 0x00,
    0x00, 0x07, 0x80, 0x00, 0x00, 0x07, 0x80, 0x00, 0x00, 0x07, 0x80, 0x00,
    0x00, 0x07, 0x80, 0x00, 0x00, 0x07, 0x80, 0x00, 0x00, 0x07, 0x80, 0x00,
    0x00, 0x07, 0x80, 0x00, 0x00, 0x07, 0x80, 0x00, 0x00, 0x07, 0x80, 0x00,
    0x00, 0x07, 0x80, 0x00, 0x00, 0x07, 0xC0, 0x00, 0x0F, 0xFF, 0xFF, 0xC0,
    0x0F, 0xFF, 0xFF, 0xC0, 0x0F, 0xFF, 0xFF, 0xC0, 0x0F, 0xFF, 0xFF, 0xC0,
    0x00, 0x00, 0x00, 0x00, 0x00, 0x00, 0x00, 0x00, 0x00, 0x00, 0x00, 0x00,
    0x00, 0x00, 0x00, 0x00, 0x00, 0x00, 0x00, 0x00, 0x00, 0x00, 0x00, 0x00,
    0x00, 0x00, 0x00, 0x00, 0x00, 0x00, 0x00, 0x00, 0x00, 0x00, 0x00, 0x00,
    0x00, 0x00, 0x00, 0x00, 0x00, 0x00, 0x00, 0x00, 0x00, 0x00, 0x00, 0x00,
    0x00, 0x00, 0x00, 0x00, 0x00, 0x07, 0xFF, 0xC0, 0x00, 0x07, 0xFF, 0xC0,
    0x00, 0x07, 0xFF, 0xC0, 0x00, 0x07, 0xFF, 0xC0, 0x00, 0x00, 0x07, 0xC0,
    0x00, 0x00, 0x03, 0xC0, 0x00, 0x00, 0x03, 0xC0, 0x00, 0x00, 0x03, 0xC0,
    0x00, 0x00, 0x03, 0xC0, 0x00, 0x00, 0x03, 0xC0, 0x00, 0x00, 0x03, 0xC0,
    0x00, 0x00, 0x03, 0xC0, 0x00, 0x00, 0x03, 0xC0, 0x00, 0x00, 0x03, 0xC0,
    0x00, 0x00, 0x03, 0xC0, 0x00, 0x00, 0x03, 0xC0, 0x00, 0x00, 0x03, 0xC0,
    0x00, 0x00, 0x03, 0xC0, 0x00, 0x00, 0x03, 0xC0, 0x00, 0x00, 0x03, 0xC0,
    0x00, 0x00, 0x03, 0xC0, 0x00, 0x00, 0x03, 0xC0, 0x00, 0x00, 0x03, 0xC0,
    0x00, 0x00, 0x03, 0xC0, 0x00, 0x00, 0x03, 0xC0, 0x00, 0x00, 0x03, 0xC0,
    0x07, 0x80, 0x03, 0xC0, 0x0F, 0x80, 0x03, 0xC0, 0x0F, 0x80, 0x03, 0xC0,
    0x0F, 0x80, 0x03, 0xC0, 0x07, 0x80, 0x03, 0xC0, 0x00, 0x7F, 0xFC, 0x00,
    0x00, 0x7F, 0xFC, 0x00, 0x00, 0x7F, 0xFC, 0x00, 0x00, 0x7F, 0xFC, 0x00,
    0x00, 0x00, 0x00, 0x00, 0x00, 0x00, 0x00, 0x00, 0x00, 0x00, 0x00, 0x00,
    0x00, 0x00, 0x00, 0x00, 0x00, 0x00, 0x00, 0x00, 0x00, 0x00, 0x00, 0x00,
    0x00, 0x00, 0x00, 0x00, 0x00, 0x00, 0x00, 0x00, 0x00, 0x00, 0x00, 0x00,
    0x00, 0x00, 0x00, 0x00, 0x00, 0x00, 0x00, 0x00, 0x00, 0x00, 0x00, 0x00,
    0x00, 0x00, 0x00, 0x00, 0x0F, 0x80, 0x03, 0xC0, 0x0F, 0x80, 0x03, 0xC0,
    0x0F, 0x80, 0x03, 0xC0, 0x0F, 0x80, 0x03, 0xC0, 0x0F, 0x80, 0x3C, 0x00,
    0x0F, 0x80, 0x7C, 0x00, 0x0F, 0x80, 0x7C, 0x00, 0x0F, 0x80, 0x7C, 0x00,
    0x0F, 0x80, 0x7C, 0x00, 0x0F, 0x87, 0x80, 0x00, 0x0F, 0x87, 0x80, 0x00,
    0x0F, 0x87, 0x80, 0x00, 0x0F, 0x87, 0x80, 0x00, 0x0F, 0xFF, 0x80, 0x00,
    0x0F, 0xFF, 0x80, 0x00, 0x0F, 0xFF, 0x80, 0x00, 0x0F, 0xFF, 0x80, 0x00,
    0x0F, 0xFF, 0x80, 0x00, 0x0F, 0x80, 0x7C, 0x00, 0x0F, 0x80, 0x7C, 0x00,
    0x0F, 0x80, 0x7C, 0x00, 0x0F, 0x80, 0x7C, 0x00, 0x0F, 0x80, 0x7C, 0x00,
    0x0F, 0x80, 0x7C, 0x00, 0x0F, 0x80, 0x7C, 0x00, 0x0F, 0x80, 0x7C, 0x00,
    0x0F, 0x80, 0x03, 0xC0, 0x0F, 0x80, 0x03, 0xC0, 0x0F, 0x80, 0x03, 0xC0,
    0x0F, 0x80, 0x03, 0xC0, 0x0F, 0x80, 0x03, 0xC0, 0x0F, 0x80, 0x03, 0xC0,
    0x0F, 0x80, 0x03, 0xC0, 0x0F, 0x80, 0x03, 0xC0, 0x0F, 0x80, 0x03, 0xC0,
    0x00, 0x00, 0x00, 0x00, 0x00, 0x00, 0x00, 0x00, 0x00, 0x00, 0x00, 0x00,
    0x00, 0x00, 0x00, 0x00, 0x00, 0x00, 0x00, 0x00, 0x00, 0x00, 0x00, 0x00,
    0x00, 0x00, 0x00, 0x00, 0x00, 0x00, 0x00, 0x00, 0x00, 0x00, 0x00, 0x00,
    0x00, 0x00, 0x00, 0x00, 0x00, 0x00, 0x00, 0x00, 0x00, 0x00, 0x00, 0x00,
    0x00, 0x00, 0x00, 0x00, 0x0F, 0x80, 0x00, 0x00, 0x0F, 0x80, 0x00, 0x00,
    0x0F, 0x80, 0x00, 0x00, 0x0F, 0x80, 0x00, 0x00, 0x0F, 0x80, 0x00, 0x00,
    0x0F, 0x80, 0x00, 0x00, 0x0F, 0x80, 0x00, 0x00, 0x0F, 0x80, 0x00, 0x00,
    0x0F, 0x80, 0x00, 0x00, 0x0F, 0x80, 0x00, 0x00, 0x0F, 0x80, 0x00, 0x00,
    0x0F, 0x80, 0x00, 0x00, 0x0F, 0x80, 0x00, 0x00, 0x0F, 0x80, 0x00, 0x00,
    0x0F, 0x80, 0x00, 0x00, 0x0F, 0x80, 0x00, 0x00, 0x0F, 0x80, 0x00, 0x00,
    0x0F, 0x80, 0x00, 0x00, 0x0F, 0x80, 0x00, 0x00, 0x0F, 0x80, 0x00, 0x00,
    0x0F, 0x80, 0x00, 0x00, 0x0F, 0x80, 0x00, 0x00, 0x0F, 0x80, 0x00, 0x00,
    0x0F, 0x80, 0x00, 0x00, 0x0F, 0x80, 0x00, 0x00, 0x0F, 0x80, 0x00, 0x00,
    0x0F, 0x80, 0x00, 0x00, 0x0F, 0x80, 0x00, 0x00, 0x0F, 0x80, 0x00, 0x00,
    0x0F, 0x80, 0x00, 0x00, 0x0F, 0x80, 0x00, 0x00, 0x0F, 0xFF, 0xFF, 0xC0,
    0x0F, 0xFF, 0xFF, 0xC0, 0x0F, 0xFF, 0xFF, 0xC0, 0x0F, 0xFF, 0xFF, 0xC0,
    0x00, 0x00, 0x00, 0x00, 0x00, 0x00, 0x00, 0x00, 0x00, 0x00, 0x00, 0x00,
    0x00, 0x00, 0x00, 0x00, 0x00, 0x00, 0x00, 0x00, 0x00, 0x00, 0x00, 0x00,
    0x00, 0x00, 0x00, 0x00, 0x00, 0x00, 0x00, 0x00, 0x00, 0x00, 0x00, 0x00,
    0x00, 0x00, 0x00, 0x00, 0x00, 0x00, 0x00, 0x00, 0x00, 0x00, 0x00, 0x00,
    0x00, 0x00, 0x00, 0x00, 0x0F, 0x80, 0x03, 0xC0, 0x0F, 0x80, 0x03, 0xC0,
    0x0F, 0x80, 0x03, 0xC0, 0x0F, 0x80, 0x03, 0xC0, 0x0F, 0x80, 0x03, 0xC0,
    0x0F, 0x80, 0x03, 0xC0, 0x0F, 0x80, 0x03, 0xC0, 0x0F, 0x80, 0x03, 0xC0,
    0x0F, 0x80, 0x03, 0xC0, 0x0F, 0xF8, 0x7F, 0xC0, 0x0F, 0xF8, 0x7F, 0xC0,
    0x0F, 0xF8, 0x7F, 0xC0, 0x0F, 0xF8, 0x7F, 0xC0, 0x0F, 0x87, 0x83, 0xC0,
    0x0F, 0x87, 0x83, 0xC0, 0x0F, 0x87, 0x83, 0xC0, 0x0F, 0x87, 0x83, 0xC0,
    0x0F, 0x87, 0x83, 0xC0, 0x0F, 0x87, 0x83, 0xC0, 0x0F, 0x87, 0x83, 0xC0,
    0x0F, 0x87, 0x83, 0xC0, 0x0F, 0x87, 0x83, 0xC0, 0x0F, 0x80, 0x03, 0xC0,
    0x0F, 0x80, 0x03, 0xC0, 0x0F, 0x80, 0x03, 0xC0, 0x0F, 0x80, 0x03, 0xC0,
    0x0F, 0x80, 0x03, 0xC0, 0x0F, 0x80, 0x03, 0xC0, 0x0F, 0x80, 0x03, 0xC0,
    0x0F, 0x80, 0x03, 0xC0, 0x0F, 0x80, 0x03, 0xC0, 0x0F, 0x80, 0x03, 0xC0,
    0x0F, 0x80, 0x03, 0xC0, 0x0F, 0x80, 0x03, 0xC0, 0x0F, 0x80, 0x03, 0xC0,
    0x00, 0x00, 0x00, 0x00, 0x00, 0x00, 0x00, 0x00, 0x00, 0x00, 0x00, 0x00,
    0x00, 0x00, 0x00, 0x00, 0x00, 0x00, 0x00, 0x00, 0x00, 0x00, 0x00, 0x00,
    0x00, 0x00, 0x00, 0x00, 0x00, 0x00, 0x00, 0x00, 0x00, 0x00, 0x00, 0x00,
    0x00, 0x00, 0x00, 0x00, 0x00, 0x00, 0x00, 0x00, 0x00, 0x00, 0x00, 0x00,
    0x00, 0x00, 0x00, 0x00, 0x0F, 0x80, 0x03, 0xC0, 0x0F, 0x80, 0x03, 0xC0,
    0x0F, 0x80, 0x03, 0xC0, 0x0F, 0x80, 0x03, 0xC0, 0x0F, 0x80, 0x03, 0xC0,
    0x0F, 0x80, 0x03, 0xC0, 0x0F, 0x80, 0x03, 0xC0, 0x0F, 0x80, 0x03, 0xC0,
    0x0F, 0x80, 0x03, 0xC0, 0x0F, 0xF8, 0x03, 0xC0, 0x0F, 0xF8, 0x03, 0xC0,
    0x0F, 0xF8, 0x03, 0xC0, 0x0F, 0xF8, 0x03, 0xC0, 0x0F, 0x87, 0x83, 0xC0,
    0x0F, 0x87, 0x83, 0xC0, 0x0F, 0x87, 0x83, 0xC0, 0x0F, 0x87, 0x83, 0xC0,
    0x0F, 0x87, 0x87, 0xC0, 0x0F, 0x80, 0x7F, 0xC0, 0x0F, 0x80, 0x7F, 0xC0,
    0x0F, 0x80, 0x7F, 0xC0, 0x0F, 0x80, 0x7F, 0xC0, 0x0F, 0x80, 0x03, 0xC0,
    0x0F, 0x80, 0x03, 0xC0, 0x0F, 0x80, 0x03, 0xC0, 0x0F, 0x80, 0x03, 0xC0,
    0x0F, 0x80, 0x03, 0xC0, 0x0F, 0x80, 0x03, 0xC0, 0x0F, 0x80, 0x03, 0xC0,
    0x0F, 0x80, 0x03, 0xC0, 0x0F, 0x80, 0x03, 0xC0, 0x0F, 0x80, 0x03, 0xC0,
    0x0F, 0x80, 0x03, 0xC0, 0x0F, 0x80, 0x03, 0xC0, 0x0F, 0x80, 0x03, 0xC0,
    0x00, 0x00, 0x00, 0x00, 0x00, 0x00, 0x00, 0x00, 0x00, 0x00, 0x00, 0x00,
    0x00, 0x00, 0x00, 0x00, 0x00, 0x00, 0x00, 0x00, 0x00, 0x00, 0x00, 0x00,
    0x00, 0x00, 0x00, 0x00, 0x00, 0x00, 0x00, 0x00, 0x00, 0x00, 0x00, 0x00,
    0x00, 0x00, 0x00, 0x00, 0x00, 0x00, 0x00, 0x00, 0x00, 0x00, 0x00, 0x00,
    0x00, 0x00, 0x00, 0x00, 0x00, 0x7F, 0xFC, 0x00, 0x00, 0x7F, 0xFC, 0x00,
    0x00, 0x7F, 0xFC, 0x00, 0x00, 0x7F, 0xFC, 0x00, 0x07, 0x80, 0x03, 0xC0,
    0x0F, 0x80, 0x03, 0xC0, 0x0F, 0x80, 0x03, 0xC0, 0x0F, 0x80, 0x03, 0xC0,
    0x0F, 0x80, 0x03, 0xC0, 0x0F, 0x80, 0x03, 0xC0, 0x0F, 0x80, 0x03, 0xC0,
    0x0F, 0x80, 0x03, 0xC0, 0x0F, 0x80, 0x03, 0xC0, 0x0F, 0x80, 0x03, 0xC0,
    0x0F, 0x80, 0x03, 0xC0, 0x0F, 0x80, 0x03, 0xC0, 0x0F, 0x80, 0x03, 0xC0,
    0x0F, 0x80, 0x03, 0xC0, 0x0F, 0x80, 0x03, 0xC0, 0x0F, 0x80, 0x03, 0xC0,
    0x0F, 0x80, 0x03, 0xC0, 0x0F, 0x80, 0x03, 0xC0, 0x0F, 0x80, 0x03, 0xC0,
    0x0F, 0x80, 0x03, 0xC0, 0x0F, 0x80, 0x03, 0xC0, 0x0F, 0x80, 0x03, 0xC0,
    0x0F, 0x80, 0x03, 0xC0, 0x0F, 0x80, 0x03, 0xC0, 0x0F, 0x80, 0x03, 0xC0,
    0x0F, 0x80, 0x03, 0xC0, 0x07, 0x80, 0x03, 0xC0, 0x00, 0x7F, 0xFC, 0x00,
    0x00, 0x7F, 0xFC, 0x00, 0x00, 0x7F, 0xFC, 0x00, 0x00, 0x7F, 0xFC, 0x00,
    0x00, 0x00, 0x00, 0x00, 0x00, 0x00, 0x00, 0x00, 0x00, 0x00, 0x00, 0x00,
    0x00, 0x00, 0x00, 0x00, 0x00, 0x00, 0x00, 0x00, 0x00, 0x00, 0x00, 0x00,
    0x00, 0x00, 0x00, 0x00, 0x00, 0x00, 0x00, 0x00, 0x00, 0x00, 0x00, 0x00,
    0x00, 0x00, 0x00, 0x00, 0x00, 0x00, 0x00, 0x00, 0x00, 0x00, 0x00, 0x00,
    0x00, 0x00, 0x00, 0x00, 0x0F, 0xFF, 0xFC, 0x00, 0x0F, 0xFF, 0xFC, 0x00,
    0x0F, 0xFF, 0xFC, 0x00, 0x0F, 0xFF, 0xFC, 0x00, 0x0F, 0x80, 0x03, 0xC0,
    0x0F, 0x80, 0x03, 0xC0, 0x0F, 0x80, 0x03, 0xC0, 0x0F, 0x80, 0x03, 0xC0,
    0x0F, 0x80, 0x03, 0xC0, 0x0F, 0x80, 0x03, 0xC0, 0x0F, 0x80, 0x03, 0xC0,
    0x0F, 0x80, 0x03, 0xC0, 0x0F, 0x80, 0x03, 0xC0, 0x0F, 0x80, 0x03, 0xC0,
    0x0F, 0x80, 0x03, 0xC0, 0x0F, 0x80, 0x03, 0xC0, 0x0F, 0x80, 0x03, 0xC0,
    0x0F, 0x80, 0x03, 0xC0, 0x0F, 0xFF, 0xFC, 0x00, 0x0F, 0xFF, 0xFC, 0x00,
    0x0F, 0xFF, 0xFC, 0x00, 0x0F, 0xFF, 0xFC, 0x00, 0x0F, 0x80, 0x00, 0x00,
    0x0F, 0x80, 0x00, 0x00, 0x0F, 0x80, 0x00, 0x00, 0x0F, 0x80, 0x00, 0x00,
    0x0F, 0x80, 0x00, 0x00, 0x0F, 0x80, 0x00, 0x00, 0x0F, 0x80, 0x00, 0x00,
    0x0F, 0x80, 0x00, 0x00, 0x0F, 0x80, 0x00, 0x00, 0x0F, 0x80, 0x00, 0x00,
    0x0F, 0x80, 0x00, 0x00, 0x0F, 0x80, 0x00, 0x00, 0x0F, 0x80, 0x00, 0x00,
    0x00, 0x00, 0x00, 0x00, 0x00, 0x00, 0x00, 0x00, 0x00, 0x00, 0x00, 0x00,
    0x00, 0x00, 0x00, 0x00, 0x00, 0x00, 0x00, 0x00, 0x00, 0x00, 0x00, 0x00,
    0x00, 0x00, 0x00, 0x00, 0x00, 0x00, 0x00, 0x00, 0x00, 0x00, 0x00, 0x00,
    0x00, 0x00, 0x00, 0x00, 0x00, 0x00, 0x00, 0x00, 0x00, 0x00, 0x00, 0x00,
    0x00, 0x00, 0x00, 0x00, 0x00, 0x7F, 0xFC, 0x00, 0x00, 0x7F, 0xFC, 0x00,
    0x00, 0x7F, 0xFC, 0x00, 0x00, 0x7F, 0xFC, 0x00, 0x07, 0x80, 0x03, 0xC0,
    0x0F, 0x80, 0x03, 0xC0, 0x0F, 0x80, 0x03, 0xC0, 0x0F, 0x80, 0x03, 0xC0,
    0x0F, 0x80, 0x03, 0xC0, 0x0F, 0x80, 0x03, 0xC0, 0x0F, 0x80, 0x03, 0xC0,
    0x0F, 0x80, 0x03, 0xC0, 0x0F, 0x80, 0x03, 0xC0, 0x0F, 0x80, 0x03, 0xC0,
    0x0F, 0x80, 0x03, 0xC0, 0x0F, 0x80, 0x03, 0xC0, 0x0F, 0x80, 0x03, 0xC0,
    0x0F, 0x80, 0x03, 0xC0, 0x0F, 0x80, 0x03, 0xC0, 0x0F, 0x80, 0x03, 0xC0,
    0x0F, 0x80, 0x03, 0xC0, 0x0F, 0x80, 0x03, 0xC0, 0x0F, 0x80, 0x03, 0xC0,
    0x0F, 0x80, 0x03, 0xC0, 0x0F, 0x80, 0x03, 0xC0, 0x0F, 0x80, 0x03, 0xC0,
    0x0F, 0x80, 0x03, 0xC0, 0x0F, 0x80, 0x03, 0xC0, 0x0F, 0x80, 0x03, 0xC0,
    0x0F, 0x80, 0x03, 0xC0, 0x07, 0x80, 0x03, 0xC0, 0x00, 0x7F, 0xFC, 0x00,
    0x00, 0x7F, 0xFC, 0x00, 0x00, 0x7F, 0xFC, 0x00, 0x00, 0x7F, 0xFC, 0x00,
    0x00, 0x00, 0x7F, 0xC0, 0x00, 0x00, 0x7F, 0xC0, 0x00, 0x00, 0x7F, 0xC0,
    0x00, 0x00, 0x7F, 0xC0, 0x00, 0x00, 0x00, 0x00, 0x00, 0x00, 0x00, 0x00,
    0x00, 0x00, 0x00, 0x00, 0x00, 0x00, 0x00, 0x00, 0x00, 0x00, 0x00, 0x00,
    0x00, 0x00, 0x00, 0x00, 0x00, 0x00, 0x00, 0x00, 0x00, 0x00, 0x00, 0x00,
    0x00, 0x00, 0x00, 0x00, 0x0F, 0xFF, 0xFC, 0x00, 0x0F, 0xFF, 0xFC, 0x00,
    0x0F, 0xFF, 0xFC, 0x00, 0x0F, 0xFF, 0xFC, 0x00, 0x0F, 0x80, 0x03, 0xC0,
    0x0F, 0x80, 0x03, 0xC0, 0x0F, 0x80, 0x03, 0xC0, 0x0F, 0x80, 0x03, 0xC0,
    0x0F, 0x80, 0x03, 0xC0, 0x0F, 0x80, 0x03, 0xC0, 0x0F, 0x80, 0x03, 0xC0,
    0x0F, 0x80, 0x03, 0xC0, 0x0F, 0x80, 0x03, 0xC0, 0x0F, 0x80, 0x03, 0xC0,
    0x0F, 0x80, 0x03, 0xC0, 0x0F, 0x80, 0x03, 0xC0, 0x0F, 0x80, 0x03, 0xC0,
    0x0F, 0x80, 0x03, 0xC0, 0x0F, 0xFF, 0xFC, 0x00, 0x0F, 0xFF, 0xFC, 0x00,
    0x0F, 0xFF, 0xFC, 0x00, 0x0F, 0xFF, 0xFC, 0x00, 0x0F, 0x80, 0x7C, 0x00,
    0x0F, 0x80, 0x7C, 0x00, 0x0F, 0x80, 0x7C, 0x00, 0x0F, 0x80, 0x7C, 0x00,
    0x0F, 0x80, 0x03, 0xC0, 0x0F, 0x80, 0x03, 0xC0, 0x0F, 0x80, 0x03, 0xC0,
    0x0F, 0x80, 0x03, 0xC0, 0x0F, 0x80, 0x03, 0xC0, 0x0F, 0x80, 0x03, 0xC0,
    0x0F, 0x80, 0x03, 0xC0, 0x0F, 0x80, 0x03, 0xC0, 0x0F, 0x80, 0x03, 0xC0,
    0x00, 0x00, 0x00, 0x00, 0x00, 0x00, 0x00, 0x00, 0x00, 0x00, 0x00, 0x00,
    0x00, 0x00, 0x00, 0x00, 0x00, 0x00, 0x00, 0x00, 0x00, 0x00, 0x00, 0x00,
    0x00, 0x00, 0x00, 0x00, 0x00, 0x00, 0x00, 0x00, 0x00, 0x00, 0x00, 0x00,
    0x00, 0x00, 0x00, 0x00, 0x00, 0x00, 0x00, 0x00, 0x00, 0x00, 0x00, 0x00,
    0x00, 0x00, 0x00, 0x00, 0x00, 0x7F, 0xFC, 0x00, 0x00, 0x7F, 0xFC, 0x00,
    0x00, 0x7F, 0xFC, 0x00, 0x00, 0x7F, 0xFC, 0x00, 0x07, 0x80, 0x03, 0xC0,
    0x0F, 0x80, 0x03, 0xC0, 0x0F, 0x80, 0x03, 0xC0, 0x0F, 0x80, 0x03, 0xC0,
    0x0F, 0x80, 0x03, 0xC0, 0x0F, 0x80, 0x00, 0x00, 0x0F, 0x80, 0x00, 0x00,
    0x0F, 0x80, 0x00, 0x00, 0x0F, 0x80, 0x00, 0x00, 0x00, 0x7F, 0xFC, 0x00,
    0x00, 0x7F, 0xFC, 0x00, 0x00, 0x7F, 0xFC, 0x00, 0x00, 0x7F, 0xFC, 0x00,
    0x00, 0x7F, 0xFC, 0x00, 0x00, 0x00, 0x03, 0xC0, 0x00, 0x00, 0x03, 0xC0,
    0x00, 0x00, 0x03, 0xC0, 0x00, 0x00, 0x03, 0xC0, 0x00, 0x00, 0x03, 0xC0,
    0x00, 0x00, 0x03, 0xC0, 0x00, 0x00, 0x03, 0xC0, 0x00, 0x00, 0x03, 0xC0,
    0x07, 0x80, 0x03, 0xC0, 0x0F, 0x80, 0x03, 0xC0, 0x0F, 0x80, 0x03, 0xC0,
    0x0F, 0x80, 0x03, 0xC0, 0x07, 0x80, 0x03, 0xC0, 0x00, 0x7F, 0xFC, 0x00,
    0x00, 0x7F, 0xFC, 0x00, 0x00, 0x7F, 0xFC, 0x00, 0x00, 0x7F, 0xFC, 0x00,
    0x00, 0x00, 0x00, 0x00, 0x00, 0x00, 0x00, 0x00, 0x00, 0x00, 0x00, 0x00,
    0x00, 0x00, 0x00, 0x00, 0x00, 0x00, 0x00, 0x00, 0x00, 0x00, 0x00, 0x00,
    0x00, 0x00, 0x00, 0x00, 0x00, 0x00, 0x00, 0x00, 0x00, 0x00, 0x00, 0x00,
    0x00, 0x00, 0x00, 0x00, 0x00, 0x00, 0x00, 0x00, 0x00, 0x00, 0x00, 0x00,
    0x00, 0x00, 0x00, 0x00, 0x0F, 0xFF, 0xFF, 0xC0, 0x0F, 0xFF, 0xFF, 0xC0,
    0x0F, 0xFF, 0xFF, 0xC0, 0x0F, 0xFF, 0xFF, 0xC0, 0x00, 0x07, 0xC0, 0x00,
    0x00, 0x07, 0x80, 0x00, 0x00, 0x07, 0x80, 0x00, 0x00, 0x07, 0x80, 0x00,
    0x00, 0x07, 0x80, 0x00, 0x00, 0x07, 0x80, 0x00, 0x00, 0x07, 0x80, 0x00,
    0x00, 0x07, 0x80, 0x00, 0x00, 0x07, 0x80, 0x00, 0x00, 0x07, 0x80, 0x00,
    0x00, 0x07, 0x80, 0x00, 0x00, 0x07, 0x80, 0x00, 0x00, 0x07, 0x80, 0x00,
    0x00, 0x07, 0x80, 0x00, 0x00, 0x07, 0x80, 0x00, 0x00, 0x07, 0x80, 0x00,
    0x00, 0x07, 0x80, 0x00, 0x00, 0x07, 0x80, 0x00, 0x00, 0x07, 0x80, 0x00,
    0x00, 0x07, 0x80, 0x00, 0x00, 0x07, 0x80, 0x00, 0x00, 0x07, 0x80, 0x00,
    0x00, 0x07, 0x80, 0x00, 0x00, 0x07, 0x80, 0x00, 0x00, 0x07, 0x80, 0x00,
    0x00, 0x07, 0x80, 0x00, 0x00, 0x07, 0x80, 0x00, 0x00, 0x07, 0x80, 0x00,
    0x00, 0x07, 0x80, 0x00, 0x00, 0x07, 0x80, 0x00, 0x00, 0x07, 0x80, 0x00,
    0x00, 0x00, 0x00, 0x00, 0x00, 0x00, 0x00, 0x00, 0x00, 0x00, 0x00, 0x00,
    0x00, 0x00, 0x00, 0x00, 0x00, 0x00, 0x00, 0x00, 0x00, 0x00, 0x00, 0x00,
    0x00, 0x00, 0x00, 0x00, 0x00, 0x00, 0x00, 0x00, 0x00, 0x00, 0x00, 0x00,
    0x00, 0x00, 0x00, 0x00, 0x00, 0x00, 0x00, 0x00, 0x00, 0x00, 0x00, 0x00,
    0x00, 0x00, 0x00, 0x00, 0x0F, 0x80, 0x03, 0xC0, 0x0F, 0x80, 0x03, 0xC0,
    0x0F, 0x80, 0x03, 0xC0, 0x0F, 0x80, 0x03, 0xC0, 0x0F, 0x80, 0x03, 0xC0,
    0x0F, 0x80, 0x03, 0xC0, 0x0F, 0x80, 0x03, 0xC0, 0x0F, 0x80, 0x03, 0xC0,
    0x0F, 0x80, 0x03, 0xC0, 0x0F, 0x80, 0x03, 0xC0, 0x0F, 0x80, 0x03, 0xC0,
    0x0F, 0x80, 0x03, 0xC0, 0x0F, 0x80, 0x03, 0xC0, 0x0F, 0x80, 0x03, 0xC0,
    0x0F, 0x80, 0x03, 0xC0, 0x0F, 0x80, 0x03, 0xC0, 0x0F, 0x80, 0x03, 0xC0,
    0x0F, 0x80, 0x03, 0xC0, 0x0F, 0x80, 0x03, 0xC0, 0x0F, 0x80, 0x03, 0xC0,
    0x0F, 0x80, 0x03, 0xC0, 0x0F, 0x80, 0x03, 0xC0, 0x0F, 0x80, 0x03, 0xC0,
    0x0F, 0x80, 0x03, 0xC0, 0x0F, 0x80, 0x03, 0xC0, 0x0F, 0x80, 0x03, 0xC0,
    0x0F, 0x80, 0x03, 0xC0, 0x0F, 0x80, 0x03, 0xC0, 0x0F, 0x80, 0x03, 0xC0,
    0x0F, 0x80, 0x03, 0xC0, 0x07, 0x80, 0x03, 0xC0, 0x00, 0x7F, 0xFC, 0x00,
    0x00, 0x7F, 0xFC, 0x00, 0x00, 0x7F, 0xFC, 0x00, 0x00, 0x7F, 0xFC, 0x00,
    0x00, 0x00, 0x00, 0x00, 0x00, 0x00, 0x00, 0x00, 0x00, 0x00, 0x00, 0x00,
    0x00, 0x00, 0x00, 0x00, 0x00, 0x00, 0x00, 0x00, 0x00, 0x00, 0x00, 0x00,
    0x00, 0x00, 0x00, 0x00, 0x00, 0x00, 0x00, 0x00, 0x00, 0x00, 0x00, 0x00,
    0x00, 0x00, 0x00, 0x00, 0x00, 0x00, 0x00, 0x00, 0x00, 0x00, 0x00, 0x00,
    0x00, 0x00, 0x00, 0x00, 0x0F, 0x80, 0x03, 0xC0, 0x0F, 0x80, 0x03, 0xC0,
    0x0F, 0x80, 0x03, 0xC0, 0x0F, 0x80, 0x03, 0xC0, 0x0F, 0x80, 0x03, 0xC0,
    0x0F, 0x80, 0x03, 0xC0, 0x0F, 0x80, 0x03, 0xC0, 0x0F, 0x80, 0x03, 0xC0,
    0x0F, 0x80, 0x03, 0xC0, 0x0F, 0x80, 0x03, 0xC0, 0x0F, 0x80, 0x03, 0xC0,
    0x0F, 0x80, 0x03, 0xC0, 0x0F, 0x80, 0x03, 0xC0, 0x0F, 0x80, 0x03, 0xC0,
    0x0F, 0x80, 0x03, 0xC0, 0x0F, 0x80, 0x03, 0xC0, 0x0F, 0x80, 0x03, 0xC0,
    0x0F, 0x80, 0x03, 0xC0, 0x0F, 0x80, 0x03, 0xC0, 0x0F, 0x80, 0x03, 0xC0,
    0x0F, 0x80, 0x03, 0xC0, 0x0F, 0x80, 0x03, 0xC0, 0x00, 0x78, 0x7C, 0x00,
    0x00, 0x78, 0x7C, 0x00, 0x00, 0x78, 0x7C, 0x00, 0x00, 0x78, 0x7C, 0x00,
    0x00, 0x78, 0x7C, 0x00, 0x00, 0x78, 0x7C, 0x00, 0x00, 0x78, 0x7C, 0x00,
    0x00, 0x78, 0x7C, 0x00, 0x00, 0x78, 0x7C, 0x00, 0x00, 0x07, 0x80, 0x00,
    0x00, 0x07, 0x80, 0x00, 0x00, 0x07, 0x80, 0x00, 0x00, 0x07, 0x80, 0x00,
    0x00, 0x00, 0x00, 0x00, 0x00, 0x00, 0x00, 0x00, 0x00, 0x00, 0x00, 0x00,
    0x00, 0x00, 0x00, 0x00, 0x00, 0x00, 0x00, 0x00, 0x00, 0x00, 0x00, 0x00,
    0x00, 0x00, 0x00, 0x00, 0x00, 0x00, 0x00, 0x00, 0x00, 0x00, 0x00, 0x00,
    0x00, 0x00, 0x00, 0x00, 0x00, 0x00, 0x00, 0x00, 0x00, 0x00, 0x00, 0x00,
    0x00, 0x00, 0x00, 0x00, 0x0F, 0x80, 0x03, 0xC0, 0x0F, 0x80, 0x03, 0xC0,
    0x0F, 0x80, 0x03, 0xC0, 0x0F, 0x80, 0x03, 0xC0, 0x0F, 0x80, 0x03, 0xC0,
    0x0F, 0x80, 0x03, 0xC0, 0x0F, 0x80, 0x03, 0xC0, 0x0F, 0x80, 0x03, 0xC0,
    0x0F, 0x80, 0x03, 0xC0, 0x0F, 0x80, 0x03, 0xC0, 0x0F, 0x80, 0x03, 0xC0,
    0x0F, 0x80, 0x03, 0xC0, 0x0F, 0x80, 0x03, 0xC0, 0x0F, 0x87, 0x83, 0xC0,
    0x0F, 0x87, 0x83, 0xC0, 0x0F, 0x87, 0x83, 0xC0, 0x0F, 0x87, 0x83, 0xC0,
    0x0F, 0x87, 0x83, 0xC0, 0x0F, 0x87, 0x83, 0xC0, 0x0F, 0x87, 0x83, 0xC0,
    0x0F, 0x87, 0x83, 0xC0, 0x0F, 0x87, 0x83, 0xC0, 0x00, 0x78, 0x7C, 0x00,
    0x00, 0x78, 0x7C, 0x00, 0x00, 0x78, 0x7C, 0x00, 0x00, 0x78, 0x7C, 0x00,
    0x00, 0x78, 0x7C, 0x00, 0x00, 0x78, 0x7C, 0x00, 0x00, 0x78, 0x7C, 0x00,
    0x00, 0x78, 0x7C, 0x00, 0x00, 0x78, 0x7C, 0x00, 0x00, 0x78, 0x7C, 0x00,
    0x00, 0x78, 0x7C, 0x00, 0x00, 0x78, 0x7C, 0x00, 0x00, 0x78, 0x7C, 0x00,
    0x00, 0x00, 0x00, 0x00, 0x00, 0x00, 0x00, 0x00, 0x00, 0x00, 0x00, 0x00,
    0x00, 0x00, 0x00, 0x00, 0x00, 0x00, 0x00, 0x00, 0x00, 0x00, 0x00, 0x00,
    0x00, 0x00, 0x00, 0x00, 0x00, 0x00, 0x00, 0x00, 0x00, 0x00, 0x00, 0x00,
    0x00, 0x00, 0x00, 0x00, 0x00, 0x00, 0x00, 0x00, 0x00, 0x00, 0x00, 0x00,
    0x00, 0x00, 0x00, 0x00, 0x0F, 0x80, 0x03, 0xC0, 0x0F, 0x80, 0x03, 0xC0,
    0x0F, 0x80, 0x03, 0xC0, 0x0F, 0x80, 0x03, 0xC0, 0x0F, 0x80, 0x03, 0xC0,
    0x0F, 0x80, 0x03, 0xC0, 0x0F, 0x80, 0x03, 0xC0, 0x0F, 0x80, 0x03, 0xC0,
    0x0F, 0x80, 0x03, 0xC0, 0x00, 0x78, 0x7C, 0x00, 0x00, 0x78, 0x7C, 0x00,
    0x00, 0x78, 0x7C, 0x00, 0x00, 0x78, 0x7C, 0x00, 0x00, 0x07, 0x80, 0x00,
    0x00, 0x07, 0x80, 0x00, 0x00, 0x07, 0x80, 0x00, 0x00, 0x07, 0x80, 0x00,
    0x00, 0x07, 0x80, 0x00, 0x00, 0x78, 0x7C, 0x00, 0x00, 0x78, 0x7C, 0x00,
    0x00, 0x78, 0x7C, 0x00, 0x00, 0x78, 0x7C, 0x00, 0x0F, 0x80, 0x03, 0xC0,
    0x0F, 0x80, 0x03, 0xC0, 0x0F, 0x80, 0x03, 0xC0, 0x0F, 0x80, 0x03, 0xC0,
    0x0F, 0x80, 0x03, 0xC0, 0x0F, 0x80, 0x03, 0xC0, 0x0F, 0x80, 0x03, 0xC0,
    0x0F, 0x80, 0x03, 0xC0, 0x0F, 0x80, 0x03, 0xC0, 0x0F, 0x80, 0x03, 0xC0,
    0x0F, 0x80, 0x03, 0xC0, 0x0F, 0x80, 0x03, 0xC0, 0x0F, 0x80, 0x03, 0xC0,
    0x00, 0x00, 0x00, 0x00, 0x00, 0x00, 0x00, 0x00, 0x00, 0x00, 0x00, 0x00,
    0x00, 0x00, 0x00, 0x00, 0x00, 0x00, 0x00, 0x00, 0x00, 0x00, 0x00, 0x00,
    0x00, 0x00, 0x00, 0x00, 0x00, 0x00, 0x00, 0x00, 0x00, 0x00, 0x00, 0x00,
    0x00, 0x00, 0x00, 0x00, 0x00, 0x00, 0x00, 0x00, 0x00, 0x00, 0x00, 0x00,
    0x00, 0x00, 0x00, 0x00, 0x0F, 0x80, 0x03, 0xC0, 0x0F, 0x80, 0x03, 0xC0,
    0x0F, 0x80, 0x03, 0xC0, 0x0F, 0x80, 0x03, 0xC0, 0x0F, 0x80, 0x03, 0xC0,
    0x0F, 0x80, 0x03, 0xC0, 0x0F, 0x80, 0x03, 0xC0, 0x0F, 0x80, 0x03, 0xC0,
    0x0F, 0x80, 0x03, 0xC0, 0x0F, 0x80, 0x03, 0xC0, 0x0F, 0x80, 0x03, 0xC0,
    0x0F, 0x80, 0x03, 0xC0, 0x0F, 0x80, 0x03, 0xC0, 0x00, 0x78, 0x3C, 0x00,
    0x00, 0x78, 0x7C, 0x00, 0x00, 0x78, 0x7C, 0x00, 0x00, 0x78, 0x7C, 0x00,
    0x00, 0x78, 0x78, 0x00, 0x00, 0x07, 0x80, 0x00, 0x00, 0x07, 0x80, 0x00,
    0x00, 0x07, 0x80, 0x00, 0x00, 0x07, 0x80, 0x00, 0x00, 0x07, 0x80, 0x00,
    0x00, 0x07, 0x80, 0x00, 0x00, 0x07, 0x80, 0x00, 0x00, 0x07, 0x80, 0x00,
    0x00, 0x07, 0x80, 0x00, 0x00, 0x07, 0x80, 0x00, 0x00, 0x07, 0x80, 0x00,
    0x00, 0x07, 0x80, 0x00, 0x00, 0x07, 0x80, 0x00, 0x00, 0x07, 0x80, 0x00,
    0x00, 0x07, 0x80, 0x00, 0x00, 0x07, 0x80, 0x00, 0x00, 0x07, 0x80, 0x00,
    0x00, 0x00, 0x00, 0x00, 0x00, 0x00, 0x00, 0x00, 0x00, 0x00, 0x00, 0x00,
    0x00, 0x00, 0x00, 0x00, 0x00, 0x00, 0x00, 0x00, 0x00, 0x00, 0x00, 0x00,
    0x00, 0x00, 0x00, 0x00, 0x00, 0x00, 0x00, 0x00, 0x00, 0x00, 0x00, 0x00,
    0x00, 0x00, 0x00, 0x00, 0x00, 0x00, 0x00, 0x00, 0x00, 0x00, 0x00, 0x00,
    0x00, 0x00, 0x00, 0x00, 0x0F, 0xFF, 0xFF, 0xC0, 0x0F, 0xFF, 0xFF, 0xC0,
    0x0F, 0xFF, 0xFF, 0xC0, 0x0F, 0xFF, 0xFF, 0xC0, 0x00, 0x00, 0x07, 0xC0,
    0x00, 0x00, 0x03, 0xC0, 0x00, 0x00, 0x03, 0xC0, 0x00, 0x00, 0x03, 0xC0,
    0x00, 0x00, 0x03, 0xC0, 0x00, 0x00, 0x7C, 0x00, 0x00, 0x00, 0x7C, 0x00,
    0x00, 0x00, 0x7C, 0x00, 0x00, 0x00, 0x7C, 0x00, 0x00, 0x07, 0x80, 0x00,
    0x00, 0x07, 0x80, 0x00, 0x00, 0x07, 0x80, 0x00, 0x00, 0x07, 0x80, 0x00,
    0x00, 0x07, 0x80, 0x00, 0x00, 0x78, 0x00, 0x00, 0x00, 0x78, 0x00, 0x00,
    0x00, 0x78, 0x00, 0x00, 0x00, 0x78, 0x00, 0x00, 0x0F, 0x80, 0x00, 0x00,
    0x0F, 0x80, 0x00, 0x00, 0x0F, 0x80, 0x00, 0x00, 0x0F, 0x80, 0x00, 0x00,
    0x0F, 0x80, 0x00, 0x00, 0x0F, 0x80, 0x00, 0x00, 0x0F, 0x80, 0x00, 0x00,
    0x0F, 0x80, 0x00, 0x00, 0x0F, 0x80, 0x00, 0x00, 0x0F, 0xFF, 0xFF, 0xC0,
    0x0F, 0xFF, 0xFF, 0xC0, 0x0F, 0xFF, 0xFF, 0xC0, 0x0F, 0xFF, 0xFF, 0xC0,
    0x00, 0x00, 0x00, 0x00, 0x00, 0x00, 0x00, 0x00, 0x00, 0x00, 0x00, 0x00,
    0x00, 0x00, 0x00, 0x00, 0x00, 0x00, 0x00, 0x00, 0x00, 0x00, 0x00, 0x00,
    0x00, 0x00, 0x00, 0x00, 0x00, 0x00, 0x00, 0x00, 0x00, 0x00, 0x00, 0x00,
    0x00, 0x7F, 0xFC, 0x00, 0x00, 0x7F, 0xFC, 0x00, 0x00, 0x7F, 0xFC, 0x00,
    0x00, 0x7F, 0xFC, 0x00, 0x00, 0x78, 0x00, 0x00, 0x00, 0x78, 0x00, 0x00,
    0x00, 0x78, 0x00, 0x00, 0x00, 0x78, 0x00, 0x00, 0x00, 0x78, 0x00, 0x00,
    0x00, 0x78, 0x00, 0x00, 0x00, 0x78, 0x00, 0x00, 0x00, 0x78, 0x00, 0x00,
    0x00, 0x78, 0x00, 0x00, 0x00, 0x78, 0x00, 0x00, 0x00, 0x78, 0x00, 0x00,
    0x00, 0x78, 0x00, 0x00, 0x00, 0x78, 0x00, 0x00, 0x00, 0x78, 0x00, 0x00,
    0x00, 0x78, 0x00, 0x00, 0x00, 0x78, 0x00, 0x00, 0x00, 0x78, 0x00, 0x00,
    0x00, 0x78, 0x00, 0x00, 0x00, 0x78, 0x00, 0x00, 0x00, 0x78, 0x00, 0x00,
    0x00, 0x78, 0x00, 0x00, 0x00, 0x78, 0x00, 0x00, 0x00, 0x78, 0x00, 0x00,
    0x00, 0x78, 0x00, 0x00, 0x00, 0x78, 0x00, 0x00, 0x00, 0x78, 0x00, 0x00,
    0x00, 0x78, 0x00, 0x00, 0x00, 0x78, 0x00, 0x00, 0x00, 0x78, 0x00, 0x00,
    0x00, 0x78, 0x00, 0x00, 0x00, 0x78, 0x00, 0x00, 0x00, 0x78, 0x00, 0x00,
    0x00, 0x78, 0x00, 0x00, 0x00, 0x78, 0x00, 0x00, 0x00, 0x78, 0x00, 0x00,
    0x00, 0x7F, 0xFC, 0x00, 0x00, 0x7F, 0xFC, 0x00, 0x00, 0x7F, 0xFC, 0x00,
    0x00, 0x7F, 0xFC, 0x00, 0x00, 0x00, 0x00, 0x00, 0x00, 0x00, 0x00, 0x00,
    0x00, 0x00, 0x00, 0x00, 0x00, 0x00, 0x00, 0x00, 0x00, 0x00, 0x00, 0x00,
    0x0F, 0x80, 0x00, 0x00, 0x0F, 0x80, 0x00, 0x00, 0x0F, 0x80, 0x00, 0x00,
    0x0F, 0x80, 0x00, 0x00, 0x0F, 0x80, 0x00, 0x00, 0x0F, 0x80, 0x00, 0x00,
    0x0F, 0x80, 0x00, 0x00, 0x0F, 0x80, 0x00, 0x00, 0x00, 0x78, 0x00, 0x00,
    0x00, 0x78, 0x00, 0x00, 0x00, 0x78, 0x00, 0x00, 0x00, 0x78, 0x00, 0x00,
    0x00, 0x78, 0x00, 0x00, 0x00, 0x78, 0x00, 0x00, 0x00, 0x78, 0x00, 0x00,
    0x00, 0x78, 0x00, 0x00, 0x00, 0x78, 0x00, 0x00, 0x00, 0x07, 0x80, 0x00,
    0x00, 0x07, 0x80, 0x00, 0x00, 0x07, 0x80, 0x00, 0x00, 0x07, 0x80, 0x00,
    0x00, 0x07, 0x80, 0x00, 0x00, 0x07, 0x80, 0x00, 0x00, 0x07, 0x80, 0x00,
    0x00, 0x07, 0x80, 0x00, 0x00, 0x07, 0x80, 0x00, 0x00, 0x00, 0x7C, 0x00,
    0x00, 0x00, 0x7C, 0x00, 0x00, 0x00, 0x7C, 0x00, 0x00, 0x00, 0x7C, 0x00,
    0x00, 0x00, 0x7C, 0x00, 0x00, 0x00, 0x7C, 0x00, 0x00, 0x00, 0x7C, 0x00,
    0x00, 0x00, 0x7C, 0x00, 0x00, 0x00, 0x3C, 0x00, 0x00, 0x00, 0x03, 0xC0,
    0x00, 0x00, 0x03, 0xC0, 0x00, 0x00, 0x03, 0xC0, 0x00, 0x00, 0x03, 0xC0,
    0x00, 0x00, 0x03, 0xC0, 0x00, 0x00, 0x03, 0xC0, 0x00, 0x00, 0x03, 0xC0,
    0x00, 0x00, 0x03, 0xC0, 0x00, 0x00, 0x00, 0x00, 0x00, 0x00, 0x00, 0x00,
    0x00, 0x00, 0x00, 0x00, 0x00, 0x00, 0x00, 0x00, 0x00, 0x00, 0x00, 0x00,
    0x00, 0x7F, 0xFC, 0x00, 0x00, 0x7F, 0xFC, 0x00, 0x00, 0x7F, 0xFC, 0x00,
    0x00, 0x7F, 0xFC, 0x00, 0x00, 0x00, 0x7C, 0x00, 0x00, 0x00, 0x7C, 0x00,
    0x00, 0x00, 0x7C, 0x00, 0x00, 0x00, 0x7C, 0x00, 0x00, 0x00, 0x7C, 0x00,
    0x00, 0x00, 0x7C, 0x00, 0x00, 0x00, 0x7C, 0x00, 0x00, 0x00, 0x7C, 0x00,
    0x00, 0x00, 0x7C, 0x00, 0x00, 0x00, 0x7C, 0x00, 0x00, 0x00, 0x7C, 0x00,
    0x00, 0x00, 0x7C, 0x00, 0x00, 0x00, 0x7C, 0x00, 0x00, 0x00, 0x7C, 0x00,
    0x00, 0x00, 0x7C, 0x00, 0x00, 0x00, 0x7C, 0x00, 0x00, 0x00, 0x7C, 0x00,
    0x00, 0x00, 0x7C, 0x00, 0x00, 0x00, 0x7C, 0x00, 0x00, 0x00, 0x7C, 0x00,
    0x00, 0x00, 0x7C, 0x00, 0x00, 0x00, 0x7C, 0x00, 0x00, 0x00, 0x7C, 0x00,
    0x00, 0x00, 0x7C, 0x00, 0x00, 0x00, 0x7C, 0x00, 0x00, 0x00, 0x7C, 0x00,
    0x00, 0x00, 0x7C, 0x00, 0x00, 0x00, 0x7C, 0x00, 0x00, 0x00, 0x7C, 0x00,
    0x00, 0x00, 0x7C, 0x00, 0x00, 0x00, 0x7C, 0x00, 0x00, 0x00, 0x7C, 0x00,
    0x00, 0x00, 0x7C, 0x00, 0x00, 0x00, 0x7C, 0x00, 0x00, 0x00, 0x7C, 0x00,
    0x00, 0x7F, 0xFC, 0x00, 0x00, 0x7F, 0xFC, 0x00, 0x00, 0x7F, 0xFC, 0x00,
    0x00, 0x7F, 0xFC, 0x00, 0x00, 0x00, 0x00, 0x00, 0x00, 0x00, 0x00, 0x00,
    0x00, 0x00, 0x00, 0x00, 0x00, 0x00, 0x00, 0x00, 0x00, 0x00, 0x00, 0x00,
    0x00, 0x00, 0x00, 0x00, 0x00, 0x00, 0x00, 0x00, 0x00, 0x00, 0x00, 0x00,
    0x00, 0x00, 0x00, 0x00, 0x00, 0x07, 0x80, 0x00, 0x00, 0x07, 0x80, 0x00,
    0x00, 0x07, 0x80, 0x00, 0x00, 0x07, 0x80, 0x00, 0x00, 0x78, 0x78, 0x00,
    0x00, 0x78, 0x7C, 0x00, 0x00, 0x78, 0x7C, 0x00, 0x00, 0x78, 0x7C, 0x00,
    0x00, 0x78, 0x3C, 0x00, 0x00, 0x00, 0x00, 0x00, 0x00, 0x00, 0x00, 0x00,
    0x00, 0x00, 0x00, 0x00, 0x00, 0x00, 0x00, 0x00, 0x00, 0x00, 0x00, 0x00,
    0x00, 0x00, 0x00, 0x00, 0x00, 0x00, 0x00, 0x00, 0x00, 0x00, 0x00, 0x00,
    0x00, 0x00, 0x00, 0x00, 0x00, 0x00, 0x00, 0x00, 0x00, 0x00, 0x00, 0x00,
    0x00, 0x00, 0x00, 0x00, 0x00, 0x00, 0x00, 0x00, 0x00, 0x00, 0x00, 0x00,
    0x00, 0x00, 0x00, 0x00, 0x00, 0x00, 0x00, 0x00, 0x00, 0x00, 0x00, 0x00,
    0x00, 0x00, 0x00, 0x00, 0x00, 0x00, 0x00, 0x00, 0x00, 0x00, 0x00, 0x00,
    0x00, 0x00, 0x00, 0x00, 0x00, 0x00, 0x00, 0x00, 0x00, 0x00, 0x00, 0x00,
    0x00, 0x00, 0x00, 0x00, 0x00, 0x00, 0x00, 0x00, 0x00, 0x00, 0x00, 0x00,
    0x00, 0x00, 0x00, 0x00, 0x00, 0x00, 0x00, 0x00, 0x00, 0x00, 0x00, 0x00,
    0x00, 0x00, 0x00, 0x00, 0x00, 0x00, 0x00, 0x00, 0x00, 0x00, 0x00, 0x00,
    0x00, 0x00, 0x00, 0x00, 0x00, 0x00, 0x00, 0x00, 0x00, 0x00, 0x00, 0x00,
    0x00, 0x00, 0x00, 0x00, 0x00, 0x00, 0x00, 0x00, 0x00, 0x00, 0x00, 0x00,
    0x00, 0x00, 0x00, 0x00, 0x00, 0x00, 0x00, 0x00, 0x00, 0x00, 0x00, 0x00,
    0x00, 0x00, 0x00, 0x00, 0x00, 0x00, 0x00, 0x00, 0x00, 0x00, 0x00, 0x00,
    0x00, 0x00, 0x00, 0x00, 0x00, 0x00, 0x00, 0x00, 0x00, 0x00, 0x00, 0x00,
    0x00, 0x00, 0x00, 0x00, 0x00, 0x00, 0x00, 0x00, 0x00, 0x00, 0x00, 0x00,
    0x00, 0x00, 0x00, 0x00, 0x00, 0x00, 0x00, 0x00, 0x00, 0x00, 0x00, 0x00,
    0x00, 0x00, 0x00, 0x00, 0x00, 0x00, 0x00, 0x00, 0x00, 0x00, 0x00, 0x00,
    0x00, 0x00, 0x00, 0x00, 0x00, 0x00, 0x00, 0x00, 0x00, 0x00, 0x00, 0x00,
    0x00, 0x00, 0x00, 0x00, 0x00, 0x00, 0x00, 0x00, 0x00, 0x00, 0x00, 0x00,
    0x00, 0x00, 0x00, 0x00, 0x00, 0x00, 0x00, 0x00, 0x00, 0x00, 0x00, 0x00,
    0x00, 0x00, 0x00, 0x00, 0x00, 0x00, 0x00, 0x00, 0x00, 0x00, 0x00, 0x00,
    0x00, 0x00, 0x00, 0x00, 0x00, 0x00, 0x00, 0x00, 0x0F, 0xFF, 0xFF, 0xC0,
    0x0F, 0xFF, 0xFF, 0xC0, 0x0F, 0xFF, 0xFF, 0xC0, 0x0F, 0xFF, 0xFF, 0xC0,
    0x00, 0x00, 0x00, 0x00, 0x00, 0x00, 0x00, 0x00, 0x00, 0x00, 0x00, 0x00,
    0x00, 0x00, 0x00, 0x00, 0x00, 0x00, 0x00, 0x00, 0x00, 0x00, 0x00, 0x00,
    0x00, 0x00, 0x00, 0x00, 0x00, 0x00, 0x00, 0x00, 0x00, 0x00, 0x00, 0x00,
    0x00, 0x78, 0x00, 0x00, 0x00, 0x78, 0x00, 0x00, 0x00, 0x78, 0x00, 0x00,
    0x00, 0x78, 0x00, 0x00, 0x00, 0x07, 0x80, 0x00, 0x00, 0x07, 0x80, 0x00,
    0x00, 0x07, 0x80, 0x00, 0x00, 0x07, 0x80, 0x00, 0x00, 0x00, 0x00, 0x00,
    0x00, 0x00, 0x00, 0x00, 0x00, 0x00, 0x00, 0x00, 0x00, 0x00, 0x00, 0x00,
    0x00, 0x00, 0x00, 0x00, 0x00, 0x00, 0x00, 0x00, 0x00, 0x00, 0x00, 0x00,
    0x00, 0x00, 0x00, 0x00, 0x00, 0x00, 0x00, 0x00, 0x00, 0x00, 0x00, 0x00,
    0x00, 0x00, 0x00, 0x00, 0x00, 0x00, 0x00, 0x00, 0x00, 0x00, 0x00, 0x00,
    0x00, 0x00, 0x00, 0x00, 0x00, 0x00, 0x00, 0x00, 0x00, 0x00, 0x00, 0x00,
    0x00, 0x00, 0x00, 0x00, 0x00, 0x00, 0x00, 0x00, 0x00, 0x00, 0x00, 0x00,
    0x00, 0x00, 0x00, 0x00, 0x00, 0x00, 0x00, 0x00, 0x00, 0x00, 0x00, 0x00,
    0x00, 0x00, 0x00, 0x00, 0x00, 0x00, 0x00, 0x00, 0x00, 0x00, 0x00, 0x00,
    0x00, 0x00, 0x00, 0x00, 0x00, 0x00, 0x00, 0x00, 0x00, 0x00, 0x00, 0x00,
    0x00, 0x00, 0x00, 0x00, 0x00, 0x00, 0x00, 0x00, 0x00, 0x00, 0x00, 0x00,
    0x00, 0x00, 0x00, 0x00, 0x00, 0x00, 0x00, 0x00, 0x00, 0x00, 0x00, 0x00,
    0x00, 0x00, 0x00, 0x00, 0x00, 0x00, 0x00, 0x00, 0x00, 0x00, 0x00, 0x00,
    0x00, 0x00, 0x00, 0x00, 0x00, 0x00, 0x00, 0x00, 0x00, 0x00, 0x00, 0x00,
    0x00, 0x00, 0x00, 0x00, 0x00, 0x00, 0x00, 0x00, 0x00, 0x00, 0x00, 0x00,
    0x00, 0x00, 0x00, 0x00, 0x00, 0x00, 0x00, 0x00, 0x00, 0x00, 0x00, 0x00,
    0x00, 0x00, 0x00, 0x00, 0x00, 0x00, 0x00, 0x00, 0x00, 0x00, 0x00, 0x00,
    0x00, 0x00, 0x00, 0x00, 0x00, 0x00, 0x00, 0x00, 0x00, 0x00, 0x00, 0x00,
    0x00, 0x00, 0x00, 0x00, 0x00, 0x7F, 0xFC, 0x00, 0x00, 0x7F, 0xFC, 0x00,
    0x00, 0x7F, 0xFC, 0x00, 0x00, 0x7F, 0xFC, 0x00, 0x00, 0x00, 0x03, 0xC0,
    0x00, 0x00, 0x03, 0xC0, 0x00, 0x00, 0x03, 0xC0, 0x00, 0x00, 0x03, 0xC0,
    0x00, 0x00, 0x07, 0xC0, 0x00, 0x7F, 0xFF, 0xC0, 0x00, 0x7F, 0xFF, 0xC0,
    0x00, 0x7F, 0xFF, 0xC0, 0x00, 0x7F, 0xFF, 0xC0, 0x0F, 0x80, 0x03, 0xC0,
    0x0F, 0x80, 0x03, 0xC0, 0x0F, 0x80, 0x03, 0xC0, 0x0F, 0x80, 0x03, 0xC0,
    0x0F, 0x80, 0x3F, 0xC0, 0x0F, 0x80, 0x7F, 0xC0, 0x0F, 0x80, 0x7F, 0xC0,
    0x0F, 0x80, 0x7F, 0xC0, 0x07, 0x80, 0x7F, 0xC0, 0x00, 0x7F, 0x83, 0xC0,
    0x00, 0x7F, 0x83, 0xC0, 0x00, 0x7F, 0x83, 0xC0, 0x00, 0x7F, 0x83, 0xC0,
    0x00, 0x00, 0x00, 0x00, 0x00, 0x00, 0x00, 0x00, 0x00, 0x00, 0x00, 0x00,
    0x00, 0x00, 0x00, 0x00, 0x00, 0x00, 0x00, 0x00, 0x00, 0x00, 0x00, 0x00,
    0x00, 0x00, 0x00, 0x00, 0x00, 0x00, 0x00, 0x00, 0x00, 0x00, 0x00, 0x00,
    0x00, 0x00, 0x00, 0x00, 0x00, 0x00, 0x00, 0x00, 0x00, 0x00, 0x00, 0x00,
    0x00, 0x00, 0x00, 0x00, 0x0F, 0x80, 0x00, 0x00, 0x0F, 0x80, 0x00, 0x00,
    0x0F, 0x80, 0x00, 0x00, 0x0F, 0x80, 0x00, 0x00, 0x0F, 0x80, 0x00, 0x00,
    0x0F, 0x80, 0x00, 0x00, 0x0F, 0x80, 0x00, 0x00, 0x0F, 0x80, 0x00, 0x00,
    0x0F, 0x80, 0x00, 0x00, 0x0F, 0x87, 0xFC, 0x00, 0x0F, 0x87, 0xFC, 0x00,
    0x0F, 0x87, 0xFC, 0x00, 0x0F, 0x87, 0xFC, 0x00, 0x0F, 0xF8, 0x03, 0xC0,
    0x0F, 0xF8, 0x03, 0xC0, 0x0F, 0xF8, 0x03, 0xC0, 0x0F, 0xF8, 0x03, 0xC0,
    0x0F, 0xF8, 0x03, 0xC0, 0x0F, 0x80, 0x03, 0xC0, 0x0F, 0x80, 0x03, 0xC0,
    0x0F, 0x80, 0x03, 0xC0, 0x0F, 0x80, 0x03, 0xC0, 0x0F, 0x80, 0x03, 0xC0,
    0x0F, 0x80, 0x03, 0xC0, 0x0F, 0x80, 0x03, 0xC0, 0x0F, 0x80, 0x03, 0xC0,
    0x0F, 0xF8, 0x03, 0xC0, 0x0F, 0xF8, 0x03, 0xC0, 0x0F, 0xF8, 0x03, 0xC0,
    0x0F, 0xF8, 0x03, 0xC0, 0x0F, 0xF8, 0x03, 0xC0, 0x0F, 0x87, 0xFC, 0x00,
    0x0F, 0x87, 0xFC, 0x00, 0x0F, 0x87, 0xFC, 0x00, 0x0F, 0x87, 0xFC, 0x00,
    0x00, 0x00, 0x00, 0x00, 0x00, 0x00, 0x00, 0x00, 0x00, 0x00, 0x00, 0x00,
    0x00, 0x00, 0x00, 0x00, 0x00, 0x00, 0x00, 0x00, 0x00, 0x00, 0x00, 0x00,
    0x00, 0x00, 0x00, 0x00, 0x00, 0x00, 0x00, 0x00, 0x00, 0x00, 0x00, 0x00,
    0x00, 0x00, 0x00, 0x00, 0x00, 0x00, 0x00, 0x00, 0x00, 0x00, 0x00, 0x00,
    0x00, 0x00, 0x00, 0x00, 0x00, 0x00, 0x00, 0x00, 0x00, 0x00, 0x00, 0x00,
    0x00, 0x00, 0x00, 0x00, 0x00, 0x00, 0x00, 0x00, 0x00, 0x00, 0x00, 0x00,
    0x00, 0x00, 0x00, 0x00, 0x00, 0x00, 0x00, 0x00, 0x00, 0x00, 0x00, 0x00,
    0x00, 0x00, 0x00, 0x00, 0x00, 0x7F, 0xFC, 0x00, 0x00, 0x7F, 0xFC, 0x00,
    0x00, 0x7F, 0xFC, 0x00, 0x00, 0x7F, 0xFC, 0x00, 0x0F, 0x80, 0x03, 0xC0,
    0x0F, 0x80, 0x03, 0xC0, 0x0F, 0x80, 0x03, 0xC0, 0x0F, 0x80, 0x03, 0xC0,
    0x0F, 0x80, 0x03, 0xC0, 0x0F, 0x80, 0x00, 0x00, 0x0F, 0x80, 0x00, 0x00,
    0x0F, 0x80, 0x00, 0x00, 0x0F, 0x80, 0x00, 0x00, 0x0F, 0x80, 0x00, 0x00,
    0x0F, 0x80, 0x00, 0x00, 0x0F, 0x80, 0x00, 0x00, 0x0F, 0x80, 0x00, 0x00,
    0x0F, 0x80, 0x03, 0xC0, 0x0F, 0x80, 0x03, 0xC0, 0x0F, 0x80, 0x03, 0xC0,
    0x0F, 0x80, 0x03, 0xC0, 0x07, 0x80, 0x03, 0xC0, 0x00, 0x7F, 0xFC, 0x00,
    0x00, 0x7F, 0xFC, 0x00, 0x00, 0x7F, 0xFC, 0x00, 0x00, 0x7F, 0xFC, 0x00,
    0x00, 0x00, 0x00, 0x00, 0x00, 0x00, 0x00, 0x00, 0x00, 0x00, 0x00, 0x00,
    0x00, 0x00, 0x00, 0x00, 0x00, 0x00, 0x00, 0x00, 0x00, 0x00, 0x00, 0x00,
    0x00, 0x00, 0x00, 0x00, 0x00, 0x00, 0x00, 0x00, 0x00, 0x00, 0x00, 0x00,
    0x00, 0x00, 0x00, 0x00, 0x00, 0x00, 0x00, 0x00, 0x00, 0x00, 0x00, 0x00,
    0x00, 0x00, 0x00, 0x00, 0x00, 0x00, 0x03, 0xC0, 0x00, 0x00, 0x03, 0xC0,
    0x00, 0x00, 0x03, 0xC0, 0x00, 0x00, 0x03, 0xC0, 0x00, 0x00, 0x03, 0xC0,
    0x00, 0x00, 0x03, 0xC0, 0x00, 0x00, 0x03, 0xC0, 0x00, 0x00, 0x03, 0xC0,
    0x00, 0x00, 0x03, 0xC0, 0x00, 0x7F, 0x83, 0xC0, 0x00, 0x7F, 0x83, 0xC0,
    0x00, 0x7F, 0x83, 0xC0, 0x00, 0x7F, 0x83, 0xC0, 0x0F, 0x80, 0x7F, 0xC0,
    0x0F, 0x80, 0x7F, 0xC0, 0x0F, 0x80, 0x7F, 0xC0, 0x0F, 0x80, 0x7F, 0xC0,
    0x0F, 0x80, 0x3F, 0xC0, 0x0F, 0x80, 0x03, 0xC0, 0x0F, 0x80, 0x03, 0xC0,
    0x0F, 0x80, 0x03, 0xC0, 0x0F, 0x80, 0x03, 0xC0, 0x0F, 0x80, 0x03, 0xC0,
    0x0F, 0x80, 0x03, 0xC0, 0x0F, 0x80, 0x03, 0xC0, 0x0F, 0x80, 0x03, 0xC0,
    0x0F, 0x80, 0x3F, 0xC0, 0x0F, 0x80, 0x7F, 0xC0, 0x0F, 0x80, 0x7F, 0xC0,
    0x0F, 0x80, 0x7F, 0xC0, 0x07, 0x80, 0x7F, 0xC0, 0x00, 0x7F, 0x83, 0xC0,
    0x00, 0x7F, 0x83, 0xC0, 0x00, 0x7F, 0x83, 0xC0, 0x00, 0x7F, 0x83, 0xC0,
    0x00, 0x00, 0x00, 0x00, 0x00, 0x00, 0x00, 0x00, 0x00, 0x00, 0x00, 0x00,
    0x00, 0x00, 0x00, 0x00, 0x00, 0x00, 0x00, 0x00, 0x00, 0x00, 0x00, 0x00,
    0x00, 0x00, 0x00, 0x00, 0x00, 0x00, 0x00, 0x00, 0x00, 0x00, 0x00, 0x00,
    0x00, 0x00, 0x00, 0x00, 0x00, 0x00, 0x00, 0x00, 0x00, 0x00, 0x00, 0x00,
    0x00, 0x00, 0x00, 0x00, 0x00, 0x00, 0x00, 0x00, 0x00, 0x00, 0x00, 0x00,
    0x00, 0x00, 0x00, 0x00, 0x00, 0x00, 0x00, 0x00, 0x00, 0x00, 0x00, 0x00,
    0x00, 0x00, 0x00, 0x00, 0x00, 0x00, 0x00, 0x00, 0x00, 0x00, 0x00, 0x00,
    0x00, 0x00, 0x00, 0x00, 0x00, 0x7F, 0xFC, 0x00, 0x00, 0x7F, 0xFC, 0x00,
    0x00, 0x7F, 0xFC, 0x00, 0x00, 0x7F, 0xFC, 0x00, 0x0F, 0x80, 0x03, 0xC0,
    0x0F, 0x80, 0x03, 0xC0, 0x0F, 0x80, 0x03, 0xC0, 0x0F, 0x80, 0x03, 0xC0,
    0x0F, 0x80, 0x07, 0xC0, 0x0F, 0xFF, 0xFF, 0xC0, 0x0F, 0xFF, 0xFF, 0xC0,
    0x0F, 0xFF, 0xFF, 0xC0, 0x0F, 0xFF, 0xFF, 0xC0, 0x0F, 0x80, 0x00, 0x00,
    0x0F, 0x80, 0x00, 0x00, 0x0F, 0x80, 0x00, 0x00, 0x0F, 0x80, 0x00, 0x00,
    0x0F, 0x80, 0x03, 0xC0, 0x0F, 0x80, 0x03, 0xC0, 0x0F, 0x80, 0x03, 0xC0,
    0x0F, 0x80, 0x03, 0xC0, 0x07, 0x80, 0x03, 0xC0, 0x00, 0x7F, 0xFC, 0x00,
    0x00, 0x7F, 0xFC, 0x00, 0x00, 0x7F, 0xFC, 0x00, 0x00, 0x7F, 0xFC, 0x00,
    0x00, 0x00, 0x00, 0x00, 0x00, 0x00, 0x00, 0x00, 0x00, 0x00, 0x00, 0x00,
    0x00, 0x00, 0x00, 0x00, 0x00, 0x00, 0x00, 0x00, 0x00, 0x00, 0x00, 0x00,
    0x00, 0x00, 0x00, 0x00, 0x00, 0x00, 0x00, 0x00, 0x00, 0x00, 0x00, 0x00,
    0x00, 0x00, 0x00, 0x00, 0x00, 0x00, 0x00, 0x00, 0x00, 0x00, 0x00, 0x00,
    0x00, 0x00, 0x00, 0x00, 0x00, 0x07, 0xFF, 0xC0, 0x00, 0x07, 0xFF, 0xC0,
    0x00, 0x07, 0xFF, 0xC0, 0x00, 0x07, 0xFF, 0xC0, 0x00, 0x78, 0x00, 0x00,
    0x00, 0x78, 0x00, 0x00, 0x00, 0x78, 0x00, 0x00, 0x00, 0x78, 0x00, 0x00,
    0x00, 0x78, 0x00, 0x00, 0x0F, 0xFF, 0xFF, 0xC0, 0x0F, 0xFF, 0xFF, 0xC0,
    0x0F, 0xFF, 0xFF, 0xC0, 0x0F, 0xFF, 0xFF, 0xC0, 0x00, 0x78, 0x00, 0x00,
    0x00, 0x78, 0x00, 0x00, 0x00, 0x78, 0x00, 0x00, 0x00, 0x78, 0x00, 0x00,
    0x00, 0x78, 0x00, 0x00, 0x00, 0x78, 0x00, 0x00, 0x00, 0x78, 0x00, 0x00,
    0x00, 0x78, 0x00, 0x00, 0x00, 0x78, 0x00, 0x00, 0x00, 0x78, 0x00, 0x00,
    0x00, 0x78, 0x00, 0x00, 0x00, 0x78, 0x00, 0x00, 0x00, 0x78, 0x00, 0x00,
    0x00, 0x78, 0x00, 0x00, 0x00, 0x78, 0x00, 0x00, 0x00, 0x78, 0x00, 0x00,
    0x00, 0x78, 0x00, 0x00, 0x00, 0xF8, 0x00, 0x00, 0x0F, 0xFF, 0xFC, 0x00,
    0x0F, 0xFF, 0xFC, 0x00, 0x0F, 0xFF, 0xFC, 0x00, 0x0F, 0xFF, 0xFC, 0x00,
    0x00, 0x00, 0x00, 0x00, 0x00, 0x00, 0x00, 0x00, 0x00, 0x00, 0x00, 0x00,
    0x00, 0x00, 0x00, 0x00, 0x00, 0x00, 0x00, 0x00, 0x00, 0x00, 0x00, 0x00,
    0x00, 0x00, 0x00, 0x00, 0x00, 0x00, 0x00, 0x00, 0x00, 0x00, 0x00, 0x00,
    0x00, 0x00, 0x00, 0x00, 0x00, 0x00, 0x00, 0x00, 0x00, 0x00, 0x00, 0x00,
    0x00, 0x00, 0x00, 0x00, 0x00, 0x00, 0x00, 0x00, 0x00, 0x00, 0x00, 0x00,
    0x00, 0x00, 0x00, 0x00, 0x00, 0x00, 0x00, 0x00, 0x00, 0x00, 0x00, 0x00,
    0x00, 0x00, 0x00, 0x00, 0x00, 0x00, 0x00, 0x00, 0x00, 0x00, 0x00, 0x00,
    0x00, 0x00, 0x00, 0x00, 0x00, 0x7F, 0x83, 0xC0, 0x00, 0x7F, 0x83, 0xC0,
    0x00, 0x7F, 0x83, 0xC0, 0x00, 0x7F, 0x83, 0xC0, 0x0F, 0x80, 0x7F, 0xC0,
    0x0F, 0x80, 0x7F, 0xC0, 0x0F, 0x80, 0x7F, 0xC0, 0x0F, 0x80, 0x7F, 0xC0,
    0x0F, 0x80, 0x3F, 0xC0, 0x0F, 0x80, 0x03, 0xC0, 0x0F, 0x80, 0x03, 0xC0,
    0x0F, 0x80, 0x03, 0xC0, 0x0F, 0x80, 0x03, 0xC0, 0x0F, 0x80, 0x03, 0xC0,
    0x0F, 0x80, 0x03, 0xC0, 0x0F, 0x80, 0x03, 0xC0, 0x0F, 0x80, 0x03, 0xC0,
    0x0F, 0x80, 0x3F, 0xC0, 0x0F, 0x80, 0x7F, 0xC0, 0x0F, 0x80, 0x7F, 0xC0,
    0x0F, 0x80, 0x7F, 0xC0, 0x07, 0x80, 0x7F, 0xC0, 0x00, 0x7F, 0x83, 0xC0,
    0x00, 0x7F, 0x83, 0xC0, 0x00, 0x7F, 0x83, 0xC0, 0x00, 0x7F, 0x83, 0xC0,
    0x00, 0x00, 0x03, 0xC0, 0x00, 0x00, 0x03, 0xC0, 0x00, 0x00, 0x03, 0xC0,
    0x00, 0x00, 0x03, 0xC0, 0x00, 0x7F, 0xFC, 0x00, 0x00, 0x7F, 0xFC, 0x00,
    0x00, 0x7F, 0xFC, 0x00, 0x00, 0x7F, 0xFC, 0x00, 0x00, 0x7F, 0xFC, 0x00,
    0x00, 0x00, 0x00, 0x00, 0x00, 0x00, 0x00, 0x00, 0x00, 0x00, 0x00, 0x00,
    0x00, 0x00, 0x00, 0x00, 0x0F, 0x80, 0x00, 0x00, 0x0F, 0x80, 0x00, 0x00,
    0x0F, 0x80, 0x00, 0x00, 0x0F, 0x80, 0x00, 0x00, 0x0F, 0x80, 0x00, 0x00,
    0x0F, 0x80, 0x00, 0x00, 0x0F, 0x80, 0x00, 0x00, 0x0F, 0x80, 0x00, 0x00,
    0x0F, 0x80, 0x00, 0x00, 0x0F, 0x87, 0xFC, 0x00, 0x0F, 0x87, 0xFC, 0x00,
    0x0F, 0x87, 0xFC, 0x00, 0x0F, 0x87, 0xFC, 0x00, 0x0F, 0xF8, 0x03, 0xC0,
    0x0F, 0xF8, 0x03, 0xC0, 0x0F, 0xF8, 0x03, 0xC0, 0x0F, 0xF8, 0x03, 0xC0,
    0x0F, 0xF8, 0x03, 0xC0, 0x0F, 0x80, 0x03, 0xC0, 0x0F, 0x80, 0x03, 0xC0,
    0x0F, 0x80, 0x03, 0xC0, 0x0F, 0x80, 0x03, 0xC0, 0x0F, 0x80, 0x03, 0xC0,
    0x0F, 0x80, 0x03, 0xC0, 0x0F, 0x80, 0x03, 0xC0, 0x0F, 0x80, 0x03, 0xC0,
    0x0F, 0x80, 0x03, 0xC0, 0x0F, 0x80, 0x03, 0xC0, 0x0F, 0x80, 0x03, 0xC0,
    0x0F, 0x80, 0x03, 0xC0, 0x0F, 0x80, 0x03, 0xC0, 0x0F, 0x80, 0x03, 0xC0,
    0x0F, 0x80, 0x03, 0xC0, 0x0F, 0x80, 0x03, 0xC0, 0x0F, 0x80, 0x03, 0xC0,
    0x00, 0x00, 0x00, 0x00, 0x00, 0x00, 0x00, 0x00, 0x00, 0x00, 0x00, 0x00,
    0x00, 0x00, 0x00, 0x00, 0x00, 0x00, 0x00, 0x00, 0x00, 0x00, 0x00, 0x00,
    0x00, 0x00, 0x00, 0x00, 0x00, 0x00, 0x00, 0x00, 0x00, 0x00, 0x00, 0x00,
    0x00, 0x00, 0x00, 0x00, 0x00, 0x00, 0x00, 0x00, 0x00, 0x00, 0x00, 0x00,
    0x00, 0x00, 0x00, 0x00, 0x00, 0x07, 0x80, 0x00, 0x00, 0x07, 0x80, 0x00,
    0x00, 0x07, 0x80, 0x00, 0x00, 0x07, 0x80, 0x00, 0x00, 0x00, 0x00, 0x00,
    0x00, 0x00, 0x00, 0x00, 0x00, 0x00, 0x00, 0x00, 0x00, 0x00, 0x00, 0x00,
    0x00, 0x00, 0x00, 0x00, 0x0F, 0xFF, 0x80, 0x00, 0x0F, 0xFF, 0x80, 0x00,
    0x0F, 0xFF, 0x80, 0x00, 0x0F, 0xFF, 0x80, 0x00, 0x00, 0x07, 0x80, 0x00,
    0x00, 0x07, 0x80, 0x00, 0x00, 0x07, 0x80, 0x00, 0x00, 0x07, 0x80, 0x00,
    0x00, 0x07, 0x80, 0x00, 0x00, 0x07, 0x80, 0x00, 0x00, 0x07, 0x80, 0x00,
    0x00, 0x07, 0x80, 0x00, 0x00, 0x07, 0x80, 0x00, 0x00, 0x07, 0x80, 0x00,
    0x00, 0x07, 0x80, 0x00, 0x00, 0x07, 0x80, 0x00, 0x00, 0x07, 0x80, 0x00,
    0x00, 0x07, 0x80, 0x00, 0x00, 0x07, 0x80, 0x00, 0x00, 0x07, 0x80, 0x00,
    0x00, 0x07, 0x80, 0x00, 0x00, 0x07, 0xC0, 0x00, 0x0F, 0xFF, 0xFF, 0xC0,
    0x0F, 0xFF, 0xFF, 0xC0, 0x0F, 0xFF, 0xFF, 0xC0, 0x0F, 0xFF, 0xFF, 0xC0,
    0x00, 0x00, 0x00, 0x00, 0x00, 0x00, 0x00, 0x00, 0x00, 0x00, 0x00, 0x00,
    0x00, 0x00, 0x00, 0x00, 0x00, 0x00, 0x00, 0x00, 0x00, 0x00, 0x00, 0x00,
    0x00, 0x00, 0x00, 0x00, 0x00, 0x00, 0x00, 0x00, 0x00, 0x00, 0x00, 0x00,
    0x00, 0x00, 0x00, 0x00, 0x00, 0x00, 0x00, 0x00, 0x00, 0x00, 0x00, 0x00,
    0x00, 0x00, 0x00, 0x00, 0x00, 0x00, 0x3C, 0x00, 0x00, 0x00, 0x7C, 0x00,
    0x00, 0x00, 0x7C, 0x00, 0x00, 0x00, 0x7C, 0x00, 0x00, 0x00, 0x00, 0x00,
    0x00, 0x00, 0x00, 0x00, 0x00, 0x00, 0x00, 0x00, 0x00, 0x00, 0x00, 0x00,
    0x00, 0x00, 0x00, 0x00, 0x00, 0x7F, 0xFC, 0x00, 0x00, 0x7F, 0xFC, 0x00,
    0x00, 0x7F, 0xFC, 0x00, 0x00, 0x7F, 0xFC, 0x00, 0x00, 0x00, 0x7C, 0x00,
    0x00, 0x00, 0x7C, 0x00, 0x00, 0x00, 0x7C, 0x00, 0x00, 0x00, 0x7C, 0x00,
    0x00, 0x00, 0x7C, 0x00, 0x00, 0x00, 0x7C, 0x00, 0x00, 0x00, 0x7C, 0x00,
    0x00, 0x00, 0x7C, 0x00, 0x00, 0x00, 0x7C, 0x00, 0x00, 0x00, 0x7C, 0x00,
    0x00, 0x00, 0x7C, 0x00, 0x00, 0x00, 0x7C, 0x00, 0x00, 0x00, 0x7C, 0x00,
    0x00, 0x00, 0x7C, 0x00, 0x00, 0x00, 0x7C, 0x00, 0x00, 0x00, 0x7C, 0x00,
    0x00, 0x00, 0x7C, 0x00, 0x00, 0x00, 0x7C, 0x00, 0x00, 0x00, 0x7C, 0x00,
    0x00, 0x00, 0x7C, 0x00, 0x00, 0x00, 0x7C, 0x00, 0x00, 0x00, 0x7C, 0x00,
    0x0F, 0x80, 0x7C, 0x00, 0x0F, 0x80, 0x7C, 0x00, 0x0F, 0x80, 0x7C, 0x00,
    0x0F, 0x80, 0x7C, 0x00, 0x00, 0x7F, 0x80, 0x00, 0x00, 0x7F, 0x80, 0x00,
    0x00, 0x7F, 0x80, 0x00, 0x00, 0x7F, 0x80, 0x00, 0x00, 0x7F, 0x80, 0x00,
    0x00, 0x00, 0x00, 0x00, 0x00, 0x00, 0x00, 0x00, 0x00, 0x00, 0x00, 0x00,
    0x00, 0x00, 0x00, 0x00, 0x0F, 0x80, 0x00, 0x00, 0x0F, 0x80, 0x00, 0x00,
    0x0F, 0x80, 0x00, 0x00, 0x0F, 0x80, 0x00, 0x00, 0x0F, 0x80, 0x00, 0x00,
    0x0F, 0x80, 0x00, 0x00, 0x0F, 0x80, 0x00, 0x00, 0x0F, 0x80, 0x00, 0x00,
    0x0F, 0x80, 0x00, 0x00, 0x0F, 0x80, 0x03, 0xC0, 0x0F, 0x80, 0x03, 0xC0,
    0x0F, 0x80, 0x03, 0xC0, 0x0F, 0x80, 0x03, 0xC0, 0x0F, 0x80, 0x3C, 0x00,
    0x0F, 0x80, 0x7C, 0x00, 0x0F, 0x80, 0x7C, 0x00, 0x0F, 0x80, 0x7C, 0x00,
    0x0F, 0x80, 0x78, 0x00, 0x0F, 0x87, 0x80, 0x00, 0x0F, 0x87, 0x80, 0x00,
    0x0F, 0x87, 0x80, 0x00, 0x0F, 0x87, 0x80, 0x00, 0x0F, 0xFF, 0x80, 0x00,
    0x0F, 0xFF, 0x80, 0x00, 0x0F, 0xFF, 0x80, 0x00, 0x0F, 0xFF, 0x80, 0x00,
    0x0F, 0x80, 0x7C, 0x00, 0x0F, 0x80, 0x7C, 0x00, 0x0F, 0x80, 0x7C, 0x00,
    0x0F, 0x80, 0x7C, 0x00, 0x0F, 0x80, 0x3C, 0x00, 0x0F, 0x80, 0x03, 0xC0,
    0x0F, 0x80, 0x03, 0xC0, 0x0F, 0x80, 0x03, 0xC0, 0x0F, 0x80, 0x03, 0xC0,
    0x00, 0x00, 0x00, 0x00, 0x00, 0x00, 0x00, 0x00, 0x00, 0x00, 0x00, 0x00,
    0x00, 0x00, 0x00, 0x00, 0x00, 0x00, 0x00, 0x00, 0x00, 0x00, 0x00, 0x00,
    0x00, 0x00, 0x00, 0x00, 0x00, 0x00, 0x00, 0x00, 0x00, 0x00, 0x00, 0x00,
    0x00, 0x00, 0x00, 0x00, 0x00, 0x00, 0x00, 0x00, 0x00, 0x00, 0x00, 0x00,
    0x00, 0x00, 0x00, 0x00, 0x0F, 0xFF, 0x80, 0x00, 0x0F, 0xFF, 0x80, 0x00,
    0x0F, 0xFF, 0x80, 0x00, 0x0F, 0xFF, 0x80, 0x00, 0x00, 0x07, 0x80, 0x00,
    0x00, 0x07, 0x80, 0x00, 0x00, 0x07, 0x80, 0x00, 0x00, 0x07, 0x80, 0x00,
    0x00, 0x07, 0x80, 0x00, 0x00, 0x07, 0x80, 0x00, 0x00, 0x07, 0x80, 0x00,
    0x00, 0x07, 0x80, 0x00, 0x00, 0x07, 0x80, 0x00, 0x00, 0x07, 0x80, 0x00,
    0x00, 0x07, 0x80, 0x00, 0x00, 0x07, 0x80, 0x00, 0x00, 0x07, 0x80, 0x00,
    0x00, 0x07, 0x80, 0x00, 0x00, 0x07, 0x80, 0x00, 0x00, 0x07, 0x80, 0x00,
    0x00, 0x07, 0x80, 0x00, 0x00, 0x07, 0x80, 0x00, 0x00, 0x07, 0x80, 0x00,
    0x00, 0x07, 0x80, 0x00, 0x00, 0x07, 0x80, 0x00, 0x00, 0x07, 0x80, 0x00,
    0x00, 0x07, 0x80, 0x00, 0x00, 0x07, 0x80, 0x00, 0x00, 0x07, 0x80, 0x00,
    0x00, 0x07, 0x80, 0x00, 0x00, 0x07, 0xC0, 0x00, 0x0F, 0xFF, 0xFF, 0xC0,
    0x0F, 0xFF, 0xFF, 0xC0, 0x0F, 0xFF, 0xFF, 0xC0, 0x0F, 0xFF, 0xFF, 0xC0,
    0x00, 0x00, 0x00, 0x00, 0x00, 0x00, 0x00, 0x00, 0x00, 0x00, 0x00, 0x00,
    0x00, 0x00, 0x00, 0x00, 0x00, 0x00, 0x00, 0x00, 0x00, 0x00, 0x00, 0x00,
    0x00, 0x00, 0x00, 0x00, 0x00, 0x00, 0x00, 0x00, 0x00, 0x00, 0x00, 0x00,
    0x00, 0x00, 0x00, 0x00, 0x00, 0x00, 0x00, 0x00, 0x00, 0x00, 0x00, 0x00,
    0x00, 0x00, 0x00, 0x00, 0x00, 0x00, 0x00, 0x00, 0x00, 0x00, 0x00, 0x00,
    0x00, 0x00, 0x00, 0x00, 0x00, 0x00, 0x00, 0x00, 0x00, 0x00, 0x00, 0x00,
    0x00, 0x00, 0x00, 0x00, 0x00, 0x00, 0x00, 0x00, 0x00, 0x00, 0x00, 0x00,
    0x00, 0x00, 0x00, 0x00, 0x0F, 0xF8, 0x7C, 0x00, 0x0F, 0xF8, 0x7C, 0x00,
    0x0F, 0xF8, 0x7C, 0x00, 0x0F, 0xF8, 0x7C, 0x00, 0x0F, 0x87, 0x83, 0xC0,
    0x0F, 0x87, 0x83, 0xC0, 0x0F, 0x87, 0x83, 0xC0, 0x0F, 0x87, 0x83, 0xC0,
    0x0F, 0x87, 0x83, 0xC0, 0x0F, 0x87, 0x83, 0xC0, 0x0F, 0x87, 0x83, 0xC0,
    0x0F, 0x87, 0x83, 0xC0, 0x0F, 0x87, 0x83, 0xC0, 0x0F, 0x87, 0x83, 0xC0,
    0x0F, 0x87, 0x83, 0xC0, 0x0F, 0x87, 0x83, 0xC0, 0x0F, 0x87, 0x83, 0xC0,
    0x0F, 0x87, 0x83, 0xC0, 0x0F, 0x87, 0x83, 0xC0, 0x0F, 0x87, 0x83, 0xC0,
    0x0F, 0x87, 0x83, 0xC0, 0x0F, 0x87, 0x83, 0xC0, 0x0F, 0x87, 0x83, 0xC0,
    0x0F, 0x87, 0x83, 0xC0, 0x0F, 0x87, 0x83, 0xC0, 0x0F, 0x87, 0x83, 0xC0,
    0x00, 0x00, 0x00, 0x00, 0x00, 0x00, 0x00, 0x00, 0x00, 0x00, 0x00, 0x00,
    0x00, 0x00, 0x00, 0x00, 0x00, 0x00, 0x00, 0x00, 0x00, 0x00, 0x00, 0x00,
    0x00, 0x00, 0x00, 0x00, 0x00, 0x00, 0x00, 0x00, 0x00, 0x00, 0x00, 0x00,
    0x00, 0x00, 0x00, 0x00, 0x00, 0x00, 0x00, 0x00, 0x00, 0x00, 0x00, 0x00,
    0x00, 0x00, 0x00, 0x00, 0x00, 0x00, 0x00, 0x00, 0x00, 0x00, 0x00, 0x00,
    0x00, 0x00, 0x00, 0x00, 0x00, 0x00, 0x00, 0x00, 0x00, 0x00, 0x00, 0x00,
    0x00, 0x00, 0x00, 0x00, 0x00, 0x00, 0x00, 0x00, 0x00, 0x00, 0x00, 0x00,
    0x00, 0x00, 0x00, 0x00, 0x0F, 0x87, 0xFC, 0x00, 0x0F, 0x87, 0xFC, 0x00,
    0x0F, 0x87, 0xFC, 0x00, 0x0F, 0x87, 0xFC, 0x00, 0x0F, 0xF8, 0x03, 0xC0,
    0x0F, 0xF8, 0x03, 0xC0, 0x0F, 0xF8, 0x03, 0xC0, 0x0F, 0xF8, 0x03, 0xC0,
    0x0F, 0xF8, 0x03, 0xC0, 0x0F, 0x80, 0x03, 0xC0, 0x0F, 0x80, 0x03, 0xC0,
    0x0F, 0x80, 0x03, 0xC0, 0x0F, 0x80, 0x03, 0xC0, 0x0F, 0x80, 0x03, 0xC0,
    0x0F, 0x80, 0x03, 0xC0, 0x0F, 0x80, 0x03, 0xC0, 0x0F, 0x80, 0x03, 0xC0,
    0x0F, 0x80, 0x03, 0xC0, 0x0F, 0x80, 0x03, 0xC0, 0x0F, 0x80, 0x03, 0xC0,
    0x0F, 0x80, 0x03, 0xC0, 0x0F, 0x80, 0x03, 0xC0, 0x0F, 0x80, 0x03, 0xC0,
    0x0F, 0x80, 0x03, 0xC0, 0x0F, 0x80, 0x03, 0xC0, 0x0F, 0x80, 0x03, 0xC0,
    0x00, 0x00, 0x00, 0x00, 0x00, 0x00, 0x00, 0x00, 0x00, 0x00, 0x00, 0x00,
    0x00, 0x00, 0x00, 0x00, 0x00, 0x00, 0x00, 0x00, 0x00, 0x00, 0x00, 0x00,
    0x00, 0x00, 0x00, 0x00, 0x00, 0x00, 0x00, 0x00, 0x00, 0x00, 0x00, 0x00,
    0x00, 0x00, 0x00, 0x00, 0x00, 0x00, 0x00, 0x00, 0x00, 0x00, 0x00, 0x00,
    0x00, 0x00, 0x00, 0x00, 0x00, 0x00, 0x00, 0x00, 0x00, 0x00, 0x00, 0x00,
    0x00, 0x00, 0x00, 0x00, 0x00, 0x00, 0x00, 0x00, 0x00, 0x00, 0x00, 0x00,
    0x00, 0x00, 0x00, 0x00, 0x00, 0x00, 0x00, 0x00, 0x00, 0x00, 0x00, 0x00,
    0x00, 0x00, 0x00, 0x00, 0x00, 0x7F, 0xFC, 0x00, 0x00, 0x7F, 0xFC, 0x00,
    0x00, 0x7F, 0xFC, 0x00, 0x00, 0x7F, 0xFC, 0x00, 0x0F, 0x80, 0x03, 0xC0,
    0x0F, 0x80, 0x03, 0xC0, 0x0F, 0x80, 0x03, 0xC0, 0x0F, 0x80, 0x03, 0xC0,
    0x0F, 0x80, 0x03, 0xC0, 0x0F, 0x80, 0x03, 0xC0, 0x0F, 0x80, 0x03, 0xC0,
    0x0F, 0x80, 0x03, 0xC0, 0x0F, 0x80, 0x03, 0xC0, 0x0F, 0x80, 0x03, 0xC0,
    0x0F, 0x80, 0x03, 0xC0, 0x0F, 0x80, 0x03, 0xC0, 0x0F, 0x80, 0x03, 0xC0,
    0x0F, 0x80, 0x03, 0xC0, 0x0F, 0x80, 0x03, 0xC0, 0x0F, 0x80, 0x03, 0xC0,
    0x0F, 0x80, 0x03, 0xC0, 0x07, 0x80, 0x03, 0xC0, 0x00, 0x7F, 0xFC, 0x00,
    0x00, 0x7F, 0xFC, 0x00, 0x00, 0x7F, 0xFC, 0x00, 0x00, 0x7F, 0xFC, 0x00,
    0x00, 0x00, 0x00, 0x00, 0x00, 0x00, 0x00, 0x00, 0x00, 0x00, 0x00, 0x00,
    0x00, 0x00, 0x00, 0x00, 0x00, 0x00, 0x00, 0x00, 0x00, 0x00, 0x00, 0x00,
    0x00, 0x00, 0x00, 0x00, 0x00, 0x00, 0x00, 0x00, 0x00, 0x00, 0x00, 0x00,
    0x00, 0x00, 0x00, 0x00, 0x00, 0x00, 0x00, 0x00, 0x00, 0x00, 0x00, 0x00,
    0x00, 0x00, 0x00, 0x00, 0x00, 0x00, 0x00, 0x00, 0x00, 0x00, 0x00, 0x00,
    0x00, 0x00, 0x00, 0x00, 0x00, 0x00, 0x00, 0x00, 0x00, 0x00, 0x00, 0x00,
    0x00, 0x00, 0x00, 0x00, 0x00, 0x00, 0x00, 0x00, 0x00, 0x00, 0x00, 0x00,
    0x00, 0x00, 0x00, 0x00, 0x0F, 0x87, 0xFC, 0x00, 0x0F, 0x87, 0xFC, 0x00,
    0x0F, 0x87, 0xFC, 0x00, 0x0F, 0x87, 0xFC, 0x00, 0x0F, 0xF8, 0x03, 0xC0,
    0x0F, 0xF8, 0x03, 0xC0, 0x0F, 0xF8, 0x03, 0xC0, 0x0F, 0xF8, 0x03, 0xC0,
    0x0F, 0xF8, 0x03, 0xC0, 0x0F, 0x80, 0x03, 0xC0, 0x0F, 0x80, 0x03, 0xC0,
    0x0F, 0x80, 0x03, 0xC0, 0x0F, 0x80, 0x03, 0xC0, 0x0F, 0x80, 0x03, 0xC0,
    0x0F, 0x80, 0x03, 0xC0, 0x0F, 0x80, 0x03, 0xC0, 0x0F, 0x80, 0x03, 0xC0,
    0x0F, 0xF8, 0x03, 0xC0, 0x0F, 0xF8, 0x03, 0xC0, 0x0F, 0xF8, 0x03, 0xC0,
    0x0F, 0xF8, 0x03, 0xC0, 0x0F, 0xF8, 0x03, 0xC0, 0x0F, 0x87, 0xFC, 0x00,
    0x0F, 0x87, 0xFC, 0x00, 0x0F, 0x87, 0xFC, 0x00, 0x0F, 0x87, 0xFC, 0x00,
    0x0F, 0x80, 0x00, 0x00, 0x0F, 0x80, 0x00, 0x00, 0x0F, 0x80, 0x00, 0x00,
    0x0F, 0x80, 0x00, 0x00, 0x0F, 0x80, 0x00, 0x00, 0x0F, 0x80, 0x00, 0x00,
    0x0F, 0x80, 0x00, 0x00, 0x0F, 0x80, 0x00, 0x00, 0x07, 0x80, 0x00, 0x00,
    0x00, 0x00, 0x00, 0x00, 0x00, 0x00, 0x00, 0x00, 0x00, 0x00, 0x00, 0x00,
    0x00, 0x00, 0x00, 0x00, 0x00, 0x00, 0x00, 0x00, 0x00, 0x00, 0x00, 0x00,
    0x00, 0x00, 0x00, 0x00, 0x00, 0x00, 0x00, 0x00, 0x00, 0x00, 0x00, 0x00,
    0x00, 0x00, 0x00, 0x00, 0x00, 0x00, 0x00, 0x00, 0x00, 0x00, 0x00, 0x00,
    0x00, 0x00, 0x00, 0x00, 0x00, 0x7F, 0x83, 0xC0, 0x00, 0x7F, 0x83, 0xC0,
    0x00, 0x7F, 0x83, 0xC0, 0x00, 0x7F, 0x83, 0xC0, 0x0F, 0x80, 0x7F, 0xC0,
    0x0F, 0x80, 0x7F, 0xC0, 0x0F, 0x80, 0x7F, 0xC0, 0x0F, 0x80, 0x7F, 0xC0,
    0x0F, 0x80, 0x3F, 0xC0, 0x0F, 0x80, 0x03, 0xC0, 0x0F, 0x80, 0x03, 0xC0,
    0x0F, 0x80, 0x03, 0xC0, 0x0F, 0x80, 0x03, 0xC0, 0x0F, 0x80, 0x03, 0xC0,
    0x0F, 0x80, 0x03, 0xC0, 0x0F, 0x80, 0x03, 0xC0, 0x0F, 0x80, 0x03, 0xC0,
    0x0F, 0x80, 0x3F, 0xC0, 0x0F, 0x80, 0x7F, 0xC0, 0x0F, 0x80, 0x7F, 0xC0,
    0x0F, 0x80, 0x7F, 0xC0, 0x07, 0x80, 0x7F, 0xC0, 0x00, 0x7F, 0x83, 0xC0,
    0x00, 0x7F, 0x83, 0xC0, 0x00, 0x7F, 0x83, 0xC0, 0x00, 0x7F, 0x83, 0xC0,
    0x00, 0x00, 0x03, 0xC0, 0x00, 0x00, 0x03, 0xC0, 0x00, 0x00, 0x03, 0xC0,
    0x00, 0x00, 0x03, 0xC0, 0x00, 0x00, 0x03, 0xC0, 0x00, 0x00, 0x03, 0xC0,
    0x00, 0x00, 0x03, 0xC0, 0x00, 0x00, 0x03, 0xC0, 0x00, 0x00, 0x03, 0xC0,
    0x00, 0x00, 0x00, 0x00, 0x00, 0x00, 0x00, 0x00, 0x00, 0x00, 0x00, 0x00,
    0x00, 0x00, 0x00, 0x00, 0x00, 0x00, 0x00, 0x00, 0x00, 0x00, 0x00, 0x00,
    0x00, 0x00, 0x00, 0x00, 0x00, 0x00, 0x00, 0x00, 0x00, 0x00, 0x00, 0x00,
    0x00, 0x00, 0x00, 0x00, 0x00, 0x00, 0x00, 0x00, 0x00, 0x00, 0x00, 0x00,
    0x00, 0x00, 0x00, 0x00, 0x0F, 0xF8, 0x7F, 0xC0, 0x0F, 0xF8, 0x7F, 0xC0,
    0x0F, 0xF8, 0x7F, 0xC0, 0x0F, 0xF8, 0x7F, 0xC0, 0x00, 0x7F, 0x80, 0x00,
    0x00, 0x7F, 0x80, 0x00, 0x00, 0x7F, 0x80, 0x00, 0x00, 0x7F, 0x80, 0x00,
    0x00, 0x7F, 0x80, 0x00, 0x00, 0x78, 0x00, 0x00, 0x00, 0x78, 0x00, 0x00,
    0x00, 0x78, 0x00, 0x00, 0x00, 0x78, 0x00, 0x00, 0x00, 0x78, 0x00, 0x00,
    0x00, 0x78, 0x00, 0x00, 0x00, 0x78, 0x00, 0x00, 0x00, 0x78, 0x00, 0x00,
    0x00, 0x78, 0x00, 0x00, 0x00, 0x78, 0x00, 0x00, 0x00, 0x78, 0x00, 0x00,
    0x00, 0x78, 0x00, 0x00, 0x00, 0xF8, 0x00, 0x00, 0x0F, 0xFF, 0xFC, 0x00,
    0x0F, 0xFF, 0xFC, 0x00, 0x0F, 0xFF, 0xFC, 0x00, 0x0F, 0xFF, 0xFC, 0x00,
    0x00, 0x00, 0x00, 0x00, 0x00, 0x00, 0x00, 0x00, 0x00, 0x00, 0x00, 0x00,
    0x00, 0x00, 0x00, 0x00, 0x00, 0x00, 0x00, 0x00, 0x00, 0x00, 0x00, 0x00,
    0x00, 0x00, 0x00, 0x00, 0x00, 0x00, 0x00, 0x00, 0x00, 0x00, 0x00, 0x00,
    0x00, 0x00, 0x00, 0x00, 0x00, 0x00, 0x00, 0x00, 0x00, 0x00, 0x00, 0x00,
    0x00, 0x00, 0x00, 0x00, 0x00, 0x00, 0x00, 0x00, 0x00, 0x00, 0x00, 0x00,
    0x00, 0x00, 0x00, 0x00, 0x00, 0x00, 0x00, 0x00, 0x00, 0x00, 0x00, 0x00,
    0x00, 0x00, 0x00, 0x00, 0x00, 0x00, 0x00, 0x00, 0x00, 0x00, 0x00, 0x00,
    0x00, 0x00, 0x00, 0x00, 0x00, 0x7F, 0xFC, 0x00, 0x00, 0x7F, 0xFC, 0x00,
    0x00, 0x7F, 0xFC, 0x00, 0x00, 0x7F, 0xFC, 0x00, 0x0F, 0x80, 0x03, 0xC0,
    0x0F, 0x80, 0x03, 0xC0, 0x0F, 0x80, 0x03, 0xC0, 0x0F, 0x80, 0x03, 0xC0,
    0x07, 0x80, 0x03, 0xC0, 0x00, 0x7F, 0xFC, 0x00, 0x00, 0x7F, 0xFC, 0x00,
    0x00, 0x7F, 0xFC, 0x00, 0x00, 0x7F, 0xFC, 0x00, 0x00, 0x00, 0x03, 0xC0,
    0x00, 0x00, 0x03, 0xC0, 0x00, 0x00, 0x03, 0xC0, 0x00, 0x00, 0x03, 0xC0,
    0x07, 0x80, 0x03, 0xC0, 0x0F, 0x80, 0x03, 0xC0, 0x0F, 0x80, 0x03, 0xC0,
    0x0F, 0x80, 0x03, 0xC0, 0x07, 0x80, 0x03, 0xC0, 0x00, 0x7F, 0xFC, 0x00,
    0x00, 0x7F, 0xFC, 0x00, 0x00, 0x7F, 0xFC, 0x00, 0x00, 0x7F, 0xFC, 0x00,
    0x00, 0x00, 0x00, 0x00, 0x00, 0x00, 0x00, 0x00, 0x00, 0x00, 0x00, 0x00,
    0x00, 0x00, 0x00, 0x00, 0x00, 0x00, 0x00, 0x00, 0x00, 0x00, 0x00, 0x00,
    0x00, 0x00, 0x00, 0x00, 0x00, 0x00, 0x00, 0x00, 0x00, 0x00, 0x00, 0x00,
    0x00, 0x00, 0x00, 0x00, 0x00, 0x00, 0x00, 0x00, 0x00, 0x00, 0x00, 0x00,
    0x00, 0x00, 0x00, 0x00, 0x00, 0x78, 0x00, 0x00, 0x00, 0x78, 0x00, 0x00,
    0x00, 0x78, 0x00, 0x00, 0x00, 0x78, 0x00, 0x00, 0x00, 0x78, 0x00, 0x00,
    0x00, 0x78, 0x00, 0x00, 0x00, 0x78, 0x00, 0x00, 0x00, 0x78, 0x00, 0x00,
    0x00, 0x78, 0x00, 0x00, 0x0F, 0xFF, 0xFF, 0xC0, 0x0F, 0xFF, 0xFF, 0xC0,
    0x0F, 0xFF, 0xFF, 0xC0, 0x0F, 0xFF, 0xFF, 0xC0, 0x00, 0x78, 0x00, 0x00,
    0x00, 0x78, 0x00, 0x00, 0x00, 0x78, 0x00, 0x00, 0x00, 0x78, 0x00, 0x00,
    0x00, 0x78, 0x00, 0x00, 0x00, 0x78, 0x00, 0x00, 0x00, 0x78, 0x00, 0x00,
    0x00, 0x78, 0x00, 0x00, 0x00, 0x78, 0x00, 0x00, 0x00, 0x78, 0x00, 0x00,
    0x00, 0x78, 0x00, 0x00, 0x00, 0x78, 0x00, 0x00, 0x00, 0x78, 0x00, 0x00,
    0x00, 0x78, 0x03, 0xC0, 0x00, 0x78, 0x03, 0xC0, 0x00, 0x78, 0x03, 0xC0,
    0x00, 0x78, 0x03, 0xC0, 0x00, 0x78, 0x03, 0xC0, 0x00, 0x07, 0xFC, 0x00,
    0x00, 0x07, 0xFC, 0x00, 0x00, 0x07, 0xFC, 0x00, 0x00, 0x07, 0xFC, 0x00,
    0x00, 0x00, 0x00, 0x00, 0x00, 0x00, 0x00, 0x00, 0x00, 0x00, 0x00, 0x00,
    0x00, 0x00, 0x00, 0x00, 0x00, 0x00, 0x00, 0x00, 0x00, 0x00, 0x00, 0x00,
    0x00, 0x00, 0x00, 0x00, 0x00, 0x00, 0x00, 0x00, 0x00, 0x00, 0x00, 0x00,
    0x00, 0x00, 0x00, 0x00, 0x00, 0x00, 0x00, 0x00, 0x00, 0x00, 0x00, 0x00,
    0x00, 0x00, 0x00, 0x00, 0x00, 0x00, 0x00, 0x00, 0x00, 0x00, 0x00, 0x00,
    0x00, 0x00, 0x00, 0x00, 0x00, 0x00, 0x00, 0x00, 0x00, 0x00, 0x00, 0x00,
    0x00, 0x00, 0x00, 0x00, 0x00, 0x00, 0x00, 0x00, 0x00, 0x00, 0x00, 0x00,
    0x00, 0x00, 0x00, 0x00, 0x0F, 0x80, 0x03, 0xC0, 0x0F, 0x80, 0x03, 0xC0,
    0x0F, 0x80, 0x03, 0xC0, 0x0F, 0x80, 0x03, 0xC0, 0x0F, 0x80, 0x03, 0xC0,
    0x0F, 0x80, 0x03, 0xC0, 0x0F, 0x80, 0x03, 0xC0, 0x0F, 0x80, 0x03, 0xC0,
    0x0F, 0x80, 0x03, 0xC0, 0x0F, 0x80, 0x03, 0xC0, 0x0F, 0x80, 0x03, 0xC0,
    0x0F, 0x80, 0x03, 0xC0, 0x0F, 0x80, 0x03, 0xC0, 0x0F, 0x80, 0x03, 0xC0,
    0x0F, 0x80, 0x03, 0xC0, 0x0F, 0x80, 0x03, 0xC0, 0x0F, 0x80, 0x03, 0xC0,
    0x0F, 0x80, 0x3F, 0xC0, 0x0F, 0x80, 0x7F, 0xC0, 0x0F, 0x80, 0x7F, 0xC0,
    0x0F, 0x80, 0x7F, 0xC0, 0x07, 0x80, 0x7F, 0xC0, 0x00, 0x7F, 0x83, 0xC0,
    0x00, 0x7F, 0x83, 0xC0, 0x00, 0x7F, 0x83, 0xC0, 0x00, 0x7F, 0x83, 0xC0,
    0x00, 0x00, 0x00, 0x00, 0x00, 0x00, 0x00, 0x00, 0x00, 0x00, 0x00, 0x00,
    0x00, 0x00, 0x00, 0x00, 0x00, 0x00, 0x00, 0x00, 0x00, 0x00, 0x00, 0x00,
    0x00, 0x00, 0x00, 0x00, 0x00, 0x00, 0x00, 0x00, 0x00, 0x00, 0x00, 0x00,
    0x00, 0x00, 0x00, 0x00, 0x00, 0x00, 0x00, 0x00, 0x00, 0x00, 0x00, 0x00,
    0x00, 0x00, 0x00, 0x00, 0x00, 0x00, 0x00, 0x00, 0x00, 0x00, 0x00, 0x00,
    0x00, 0x00, 0x00, 0x00, 0x00, 0x00, 0x00, 0x00, 0x00, 0x00, 0x00, 0x00,
    0x00, 0x00, 0x00, 0x00, 0x00, 0x00, 0x00, 0x00, 0x00, 0x00, 0x00, 0x00,
    0x00, 0x00, 0x00, 0x00, 0x0F, 0x80, 0x03, 0xC0, 0x0F, 0x80, 0x03, 0xC0,
    0x0F, 0x80, 0x03, 0xC0, 0x0F, 0x80, 0x03, 0xC0, 0x0F, 0x80, 0x03, 0xC0,
    0x0F, 0x80, 0x03, 0xC0, 0x0F, 0x80, 0x03, 0xC0, 0x0F, 0x80, 0x03, 0xC0,
    0x0F, 0x80, 0x03, 0xC0, 0x0F, 0x80, 0x03, 0xC0, 0x0F, 0x80, 0x03, 0xC0,
    0x0F, 0x80, 0x03, 0xC0, 0x0F, 0x80, 0x03, 0xC0, 0x00, 0x78, 0x7C, 0x00,
    0x00, 0x78, 0x7C, 0x00, 0x00, 0x78, 0x7C, 0x00, 0x00, 0x78, 0x7C, 0x00,
    0x00, 0x78, 0x7C, 0x00, 0x00, 0x78, 0x7C, 0x00, 0x00, 0x78, 0x7C, 0x00,
    0x00, 0x78, 0x7C, 0x00, 0x00, 0x78, 0x7C, 0x00, 0x00, 0x07, 0x80, 0x00,
    0x00, 0x07, 0x80, 0x00, 0x00, 0x07, 0x80, 0x00, 0x00, 0x07, 0x80, 0x00,
    0x00, 0x00, 0x00, 0x00, 0x00, 0x00, 0x00, 0x00, 0x00, 0x00, 0x00, 0x00,
    0x00, 0x00, 0x00, 0x00, 0x00, 0x00, 0x00, 0x00, 0x00, 0x00, 0x00, 0x00,
    0x00, 0x00, 0x00, 0x00, 0x00, 0x00, 0x00, 0x00, 0x00, 0x00, 0x00, 0x00,
    0x00, 0x00, 0x00, 0x00, 0x00, 0x00, 0x00, 0x00, 0x00, 0x00, 0x00, 0x00,
    0x00, 0x00, 0x00, 0x00, 0x00, 0x00, 0x00, 0x00, 0x00, 0x00, 0x00, 0x00,
    0x00, 0x00, 0x00, 0x00, 0x00, 0x00, 0x00, 0x00, 0x00, 0x00, 0x00, 0x00,
    0x00, 0x00, 0x00, 0x00, 0x00, 0x00, 0x00, 0x00, 0x00, 0x00, 0x00, 0x00,
    0x00, 0x00, 0x00, 0x00, 0x0F, 0x87, 0x83, 0xC0, 0x0F, 0x87, 0x83, 0xC0,
    0x0F, 0x87, 0x83, 0xC0, 0x0F, 0x87, 0x83, 0xC0, 0x0F, 0x87, 0x83, 0xC0,
    0x0F, 0x87, 0x83, 0xC0, 0x0F, 0x87, 0x83, 0xC0, 0x0F, 0x87, 0x83, 0xC0,
    0x0F, 0x87, 0x83, 0xC0, 0x0F, 0x87, 0x83, 0xC0, 0x0F, 0x87, 0x83, 0xC0,
    0x0F, 0x87, 0x83, 0xC0, 0x0F, 0x87, 0x83, 0xC0, 0x0F, 0x87, 0x83, 0xC0,
    0x0F, 0x87, 0x83, 0xC0, 0x0F, 0x87, 0x83, 0xC0, 0x0F, 0x87, 0x83, 0xC0,
    0x0F, 0x87, 0x83, 0xC0, 0x0F, 0x87, 0x83, 0xC0, 0x0F, 0x87, 0x83, 0xC0,
    0x0F, 0x87, 0x83, 0xC0, 0x07, 0x87, 0x83, 0xC0, 0x00, 0x78, 0x7F, 0xC0,
    0x00, 0x78, 0x7F, 0xC0, 0x00, 0x78, 0x7F, 0xC0, 0x00, 0x78, 0x7F, 0xC0,
    0x00, 0x00, 0x00, 0x00, 0x00, 0x00, 0x00, 0x00, 0x00, 0x00, 0x00, 0x00,
    0x00, 0x00, 0x00, 0x00, 0x00, 0x00, 0x00, 0x00, 0x00, 0x00, 0x00, 0x00,
    0x00, 0x00, 0x00, 0x00, 0x00, 0x00, 0x00, 0x00, 0x00, 0x00, 0x00, 0x00,
    0x00, 0x00, 0x00, 0x00, 0x00, 0x00, 0x00, 0x00, 0x00, 0x00, 0x00, 0x00,
    0x00, 0x00, 0x00, 0x00, 0x00, 0x00, 0x00, 0x00, 0x00, 0x00, 0x00, 0x00,
    0x00, 0x00, 0x00, 0x00, 0x00, 0x00, 0x00, 0x00, 0x00, 0x00, 0x00, 0x00,
    0x00, 0x00, 0x00, 0x00, 0x00, 0x00, 0x00, 0x00, 0x00, 0x00, 0x00, 0x00,
    0x00, 0x00, 0x00, 0x00, 0x0F, 0x80, 0x03, 0xC0, 0x0F, 0x80, 0x03, 0xC0,
    0x0F, 0x80, 0x03, 0xC0, 0x0F, 0x80, 0x03, 0xC0, 0x00, 0x78, 0x3C, 0x00,
    0x00, 0x78, 0x7C, 0x00, 0x00, 0x78, 0x7C, 0x00, 0x00, 0x78, 0x7C, 0x00,
    0x00, 0x78, 0x78, 0x00, 0x00, 0x07, 0x80, 0x00, 0x00, 0x07, 0x80, 0x00,
    0x00, 0x07, 0x80, 0x00, 0x00, 0x07, 0x80, 0x00, 0x00, 0x78, 0x7C, 0x00,
    0x00, 0x78, 0x7C, 0x00, 0x00, 0x78, 0x7C, 0x00, 0x00, 0x78, 0x7C, 0x00,
    0x07, 0x80, 0x03, 0xC0, 0x0F, 0x80, 0x03, 0xC0, 0x0F, 0x80, 0x03, 0xC0,
    0x0F, 0x80, 0x03, 0xC0, 0x0F, 0x80, 0x03, 0xC0, 0x0F, 0x80, 0x03, 0xC0,
    0x0F, 0x80, 0x03, 0xC0, 0x0F, 0x80, 0x03, 0xC0, 0x0F, 0x80, 0x03, 0xC0,
    0x00, 0x00, 0x00, 0x00, 0x00, 0x00, 0x00, 0x00, 0x00, 0x00, 0x00, 0x00,
    0x00, 0x00, 0x00, 0x00, 0x00, 0x00, 0x00, 0x00, 0x00, 0x00, 0x00, 0x00,
    0x00, 0x00, 0x00, 0x00, 0x00, 0x00, 0x00, 0x00, 0x00, 0x00, 0x00, 0x00,
    0x00, 0x00, 0x00, 0x00, 0x00, 0x00, 0x00, 0x00, 0x00, 0x00, 0x00, 0x00,
    0x00, 0x00, 0x00, 0x00, 0x00, 0x00, 0x00, 0x00, 0x00, 0x00, 0x00, 0x00,
    0x00, 0x00, 0x00, 0x00, 0x00, 0x00, 0x00, 0x00, 0x00, 0x00, 0x00, 0x00,
    0x00, 0x00, 0x00, 0x00, 0x00, 0x00, 0x00, 0x00, 0x00, 0x00, 0x00, 0x00,
    0x00, 0x00, 0x00, 0x00, 0x0F, 0x80, 0x03, 0xC0, 0x0F, 0x80, 0x03, 0xC0,
    0x0F, 0x80, 0x03, 0xC0, 0x0F, 0x80, 0x03, 0xC0, 0x0F, 0x80, 0x03, 0xC0,
    0x0F, 0x80, 0x03, 0xC0, 0x0F, 0x80, 0x03, 0xC0, 0x0F, 0x80, 0x03, 0xC0,
    0x0F, 0x80, 0x03, 0xC0, 0x0F, 0x80, 0x03, 0xC0, 0x0F, 0x80, 0x03, 0xC0,
    0x0F, 0x80, 0x03, 0xC0, 0x0F, 0x80, 0x03, 0xC0, 0x00, 0x78, 0x7C, 0x00,
    0x00, 0x78, 0x7C, 0x00, 0x00, 0x78, 0x7C, 0x00, 0x00, 0x78, 0x7C, 0x00,
    0x00, 0x78, 0x7C, 0x00, 0x00, 0x78, 0x7C, 0x00, 0x00, 0x78, 0x7C, 0x00,
    0x00, 0x78, 0x7C, 0x00, 0x00, 0x78, 0x7C, 0x00, 0x00, 0x07, 0x80, 0x00,
    0x00, 0x07, 0x80, 0x00, 0x00, 0x07, 0x80, 0x00, 0x00, 0x07, 0x80, 0x00,
    0x00, 0x07, 0x80, 0x00, 0x00, 0x07, 0x80, 0x00, 0x00, 0x07, 0x80, 0x00,
    0x00, 0x07, 0x80, 0x00, 0x07, 0xF8, 0x00, 0x00, 0x0F, 0xF8, 0x00, 0x00,
    0x0F, 0xF8, 0x00, 0x00, 0x0F, 0xF8, 0x00, 0x00, 0x07, 0xF8, 0x00, 0x00,
    0x00, 0x00, 0x00, 0x00, 0x00, 0x00, 0x00, 0x00, 0x00, 0x00, 0x00, 0x00,
    0x00, 0x00, 0x00, 0x00, 0x00, 0x00, 0x00, 0x00, 0x00, 0x00, 0x00, 0x00,
    0x00, 0x00, 0x00, 0x00, 0x00, 0x00, 0x00, 0x00, 0x00, 0x00, 0x00, 0x00,
    0x00, 0x00, 0x00, 0x00, 0x00, 0x00, 0x00, 0x00, 0x00, 0x00, 0x00, 0x00,
    0x00, 0x00, 0x00, 0x00, 0x0F, 0xFF, 0xFF, 0xC0, 0x0F, 0xFF, 0xFF, 0xC0,
    0x0F, 0xFF, 0xFF, 0xC0, 0x0F, 0xFF, 0xFF, 0xC0, 0x00, 0x00, 0x7C, 0x00,
    0x00, 0x00, 0x7C, 0x00, 0x00, 0x00, 0x7C, 0x00, 0x00, 0x00, 0x7C, 0x00,
    0x00, 0x00, 0x78, 0x00, 0x00, 0x07, 0x80, 0x00, 0x00, 0x07, 0x80, 0x00,
    0x00, 0x07, 0x80, 0x00, 0x00, 0x07, 0x80, 0x00, 0x00, 0x78, 0x00, 0x00,
    0x00, 0x78, 0x00, 0x00, 0x00, 0x78, 0x00, 0x00, 0x00, 0x78, 0x00, 0x00,
    0x07, 0x80, 0x00, 0x00, 0x0F, 0x80, 0x00, 0x00, 0x0F, 0x80, 0x00, 0x00,
    0x0F, 0x80, 0x00, 0x00, 0x0F, 0x80, 0x00, 0x00, 0x0F, 0xFF, 0xFF, 0xC0,
    0x0F, 0xFF, 0xFF, 0xC0, 0x0F, 0xFF, 0xFF, 0xC0, 0x0F, 0xFF, 0xFF, 0xC0,
    0x00, 0x00, 0x00, 0x00, 0x00, 0x00, 0x00, 0x00, 0x00, 0x00, 0x00, 0x00,
    0x00, 0x00, 0x00, 0x00, 0x00, 0x00, 0x00, 0x00, 0x00, 0x00, 0x00, 0x00,
    0x00, 0x00, 0x00, 0x00, 0x00, 0x00, 0x00, 0x00, 0x00, 0x00, 0x00, 0x00,
    0x00, 0x07, 0xFC, 0x00, 0x00, 0x07, 0xFC, 0x00, 0x00, 0x07, 0xFC, 0x00,
    0x00, 0x07, 0xFC, 0x00, 0x00, 0x78, 0x00, 0x00, 0x00, 0x78, 0x00, 0x00,
    0x00, 0x78, 0x00, 0x00, 0x00, 0x78, 0x00, 0x00, 0x00, 0x78, 0x00, 0x00,
    0x00, 0x78, 0x00, 0x00, 0x00, 0x78, 0x00, 0x00, 0x00, 0x78, 0x00, 0x00,
    0x00, 0x78, 0x00, 0x00, 0x00, 0x78, 0x00, 0x00, 0x00, 0x78, 0x00, 0x00,
    0x00, 0x78, 0x00, 0x00, 0x00, 0x78, 0x00, 0x00, 0xFF, 0x80, 0x00, 0x00,
    0xFF, 0x80, 0x00, 0x00, 0xFF, 0x80, 0x00, 0x00, 0xFF, 0x80, 0x00, 0x00,
    0xFF, 0x80, 0x00, 0x00, 0x00, 0x78, 0x00, 0x00, 0x00, 0x78, 0x00, 0x00,
    0x00, 0x78, 0x00, 0x00, 0x00, 0x78, 0x00, 0x00, 0x00, 0x78, 0x00, 0x00,
    0x00, 0x78, 0x00, 0x00, 0x00, 0x78, 0x00, 0x00, 0x00, 0x78, 0x00, 0x00,
    0x00, 0x78, 0x00, 0x00, 0x00, 0x78, 0x00, 0x00, 0x00, 0x78, 0x00, 0x00,
    0x00, 0x78, 0x00, 0x00, 0x00, 0x78, 0x00, 0x00, 0x00, 0x78, 0x00, 0x00,
    0x00, 0x78, 0x00, 0x00, 0x00, 0x78, 0x00, 0x00, 0x00, 0x78, 0x00, 0x00,
    0x00, 0x07, 0xFC, 0x00, 0x00, 0x07, 0xFC, 0x00, 0x00, 0x07, 0xFC, 0x00,
    0x00, 0x07, 0xFC, 0x00, 0x00, 0x00, 0x00, 0x00, 0x00, 0x00, 0x00, 0x00,
    0x00, 0x00, 0x00, 0x00, 0x00, 0x00, 0x00, 0x00, 0x00, 0x00, 0x00, 0x00,
    0x00, 0x07, 0x80, 0x00, 0x00, 0x07, 0x80, 0x00, 0x00, 0x07, 0x80, 0x00,
    0x00, 0x07, 0x80, 0x00, 0x00, 0x07, 0x80, 0x00, 0x00, 0x07, 0x80, 0x00,
    0x00, 0x07, 0x80, 0x00, 0x00, 0x07, 0x80, 0x00, 0x00, 0x07, 0x80, 0x00,
    0x00, 0x07, 0x80, 0x00, 0x00, 0x07, 0x80, 0x00, 0x00, 0x07, 0x80, 0x00,
    0x00, 0x07, 0x80, 0x00, 0x00, 0x07, 0x80, 0x00, 0x00, 0x07, 0x80, 0x00,
    0x00, 0x07, 0x80, 0x00, 0x00, 0x07, 0x80, 0x00, 0x00, 0x07, 0x80, 0x00,
    0x00, 0x07, 0x80, 0x00, 0x00, 0x07, 0x80, 0x00, 0x00, 0x07, 0x80, 0x00,
    0x00, 0x07, 0x80, 0x00, 0x00, 0x07, 0x80, 0x00, 0x00, 0x07, 0x80, 0x00,
    0x00, 0x07, 0x80, 0x00, 0x00, 0x07, 0x80, 0x00, 0x00, 0x07, 0x80, 0x00,
    0x00, 0x07, 0x80, 0x00, 0x00, 0x07, 0x80, 0x00, 0x00, 0x07, 0x80, 0x00,
    0x00, 0x07, 0x80, 0x00, 0x00, 0x07, 0x80, 0x00, 0x00, 0x07, 0x80, 0x00,
    0x00, 0x07, 0x80, 0x00, 0x00, 0x07, 0x80, 0x00, 0x00, 0x07, 0x80, 0x00,
    0x00, 0x07, 0x80, 0x00, 0x00, 0x07, 0x80, 0x00, 0x00, 0x07, 0x80, 0x00,
    0x00, 0x07, 0x80, 0x00, 0x00, 0x07, 0x80, 0x00, 0x00, 0x07, 0x80, 0x00,
    0x00, 0x07, 0x80, 0x00, 0x00, 0x00, 0x00, 0x00, 0x00, 0x00, 0x00, 0x00,
    0x00, 0x00, 0x00, 0x00, 0x00, 0x00, 0x00, 0x00, 0x00, 0x00, 0x00, 0x00,
    0x00, 0x7F, 0x80, 0x00, 0x00, 0x7F, 0x80, 0x00, 0x00, 0x7F, 0x80, 0x00,
    0x00, 0x7F, 0x80, 0x00, 0x00, 0x00, 0x7C, 0x00, 0x00, 0x00, 0x7C, 0x00,
    0x00, 0x00, 0x7C, 0x00, 0x00, 0x00, 0x7C, 0x00, 0x00, 0x00, 0x7C, 0x00,
    0x00, 0x00, 0x7C, 0x00, 0x00, 0x00, 0x7C, 0x00, 0x00, 0x00, 0x7C, 0x00,
    0x00, 0x00, 0x7C, 0x00, 0x00, 0x00, 0x7C, 0x00, 0x00, 0x00, 0x7C, 0x00,
    0x00, 0x00, 0x7C, 0x00, 0x00, 0x00, 0x7C, 0x00, 0x00, 0x00, 0x03, 0xFC,
    0x00, 0x00, 0x03, 0xFE, 0x00, 0x00, 0x03, 0xFE, 0x00, 0x00, 0x03, 0xFE,
    0x00, 0x00, 0x03, 0xFC, 0x00, 0x00, 0x7C, 0x00, 0x00, 0x00, 0x7C, 0x00,
    0x00, 0x00, 0x7C, 0x00, 0x00, 0x00, 0x7C, 0x00, 0x00, 0x00, 0x7C, 0x00,
    0x00, 0x00, 0x7C, 0x00, 0x00, 0x00, 0x7C, 0x00, 0x00, 0x00, 0x7C, 0x00,
    0x00, 0x00, 0x7C, 0x00, 0x00, 0x00, 0x7C, 0x00, 0x00, 0x00, 0x7C, 0x00,
    0x00, 0x00, 0x7C, 0x00, 0x00, 0x00, 0x7C, 0x00, 0x00, 0x00, 0x7C, 0x00,
    0x00, 0x00, 0x7C, 0x00, 0x00, 0x00, 0x7C, 0x00, 0x00, 0x00, 0x7C, 0x00,
    0x00, 0x7F, 0x80, 0x00, 0x00, 0x7F, 0x80, 0x00, 0x00, 0x7F, 0x80, 0x00,
    0x00, 0x7F, 0x80, 0x00, 0x00, 0x00, 0x00, 0x00, 0x00, 0x00, 0x00, 0x00,
    0x00, 0x00, 0x00, 0x00, 0x00, 0x00, 0x00, 0x00, 0x00, 0x00, 0x00, 0x00,
    0x00, 0x00, 0x00, 0x00, 0x00, 0x00, 0x00, 0x00, 0x00, 0x00, 0x00, 0x00,
    0x00, 0x00, 0x00, 0x00, 0x00, 0x00, 0x00, 0x00, 0x00, 0x00, 0x00, 0x00,
    0x00, 0x00, 0x00, 0x00, 0x00, 0x00, 0x00, 0x00, 0x00, 0x00, 0x00, 0x00,
    0x00, 0x00, 0x00, 0x00, 0x00, 0x00, 0x00, 0x00, 0x00, 0x00, 0x00, 0x00,
    0x00, 0x00, 0x00, 0x00, 0x00, 0x00, 0x00, 0x00, 0x00, 0x00, 0x00, 0x00,
    0x00, 0x00, 0x00, 0x00, 0x00, 0x00, 0x00, 0x00, 0x00, 0x78, 0x00, 0x00,
    0x00, 0x78, 0x00, 0x00, 0x00, 0x78, 0x00, 0x00, 0x00, 0x78, 0x00, 0x00,
    0x00, 0x78, 0x00, 0x00, 0x0F, 0x87, 0x83, 0xC0, 0x0F, 0x87, 0x83, 0xC0,
    0x0F, 0x87, 0x83, 0xC0, 0x0F, 0x87, 0x83, 0xC0, 0x00, 0x00, 0x7C, 0x00,
    0x00, 0x00, 0x7C, 0x00, 0x00, 0x00, 0x7C, 0x00, 0x00, 0x00, 0x7C, 0x00,
    0x00, 0x00, 0x00, 0x00, 0x00, 0x00, 0x00, 0x00, 0x00, 0x00, 0x00, 0x00,
    0x00, 0x00, 0x00, 0x00, 0x00, 0x00, 0x00, 0x00, 0x00, 0x00, 0x00, 0x00,
    0x00, 0x00, 0x00, 0x00, 0x00, 0x00, 0x00, 0x00, 0x00, 0x00, 0x00, 0x00,
    0x00, 0x00, 0x00, 0x00, 0x00, 0x00, 0x00, 0x00, 0x00, 0x00, 0x00, 0x00,
    0x00, 0x00, 0x00, 0x00, 0x00, 0x00, 0x00, 0x00, 0x00, 0x00, 0x00, 0x00,
    0x00, 0x00, 0x00, 0x00, 0x00, 0x00, 0x00, 0x00, 0x00, 0x00, 0x00, 0x00,
};

const gfx_font_t gfx_font_dep_31x48 = {
    .w     = 31,
    .h     = 48,
    .first = 0x20,
    .last  = 0x7E,
    .bitmap = gfx_font_dep_31x48_data,
};
